source,benchmark_molecule_id,benchmark_molecule_name,benchmark_smiles,maximum_morgan_tanimoto,nearest_source_smiles,nearest_source_connectivity_key,same_murcko_scaffold
endpoint_experimental,LVZWSLJZHVFIQJ-UHFFFAOYSA-N,Cyclopropane,C1CC1,1.0,C1CCCCCCC1,WJTCGQSWYFHTAC,False
endpoint_experimental,RGSFGYAAUTVSQA-UHFFFAOYSA-N,Cyclopentane,C1CCCC1,1.0,C1CCCCCCC1,WJTCGQSWYFHTAC,False
endpoint_experimental,XDTMQSROBMDMFD-UHFFFAOYSA-N,Cyclohexane,C1CCCCC1,1.0,C1CCCCCCC1,WJTCGQSWYFHTAC,False
endpoint_experimental,DMEGYFMYUHOHGS-UHFFFAOYSA-N,Cycloheptane,C1CCCCCC1,1.0,C1CCCCCCC1,WJTCGQSWYFHTAC,False
endpoint_experimental,NNPPMTNAJDCUHE-UHFFFAOYSA-N,Isobutane,CC(C)C,0.5,CC(C)Cl,ULYZAYCEDJDHCC,False
endpoint_experimental,CRSOQBOWXPBRES-UHFFFAOYSA-N,NeoPentane,CC(C)(C)C,0.42857142857142855,CC(C)(C)Cl,NBRKLOOSMBRFMH,False
endpoint_experimental,VNWKTOKETHGBQD-UHFFFAOYSA-N,Methane,C,0.16666666666666666,CC(C)S,KJRCEJOSASVSRA,False
endpoint_experimental,OTMSDBZUPAUEDD-UHFFFAOYSA-N,Ethane,CC,0.25,CBr,GZUXJHMPEANEGY,False
endpoint_experimental,ATUOYWHBWRKTHZ-UHFFFAOYSA-N,Propane,CCC,0.42857142857142855,CCCl,HRYZWHHZPQKTII,False
endpoint_experimental,IJDNQMDRQITEOD-UHFFFAOYSA-N,Butane,CCCC,0.4444444444444444,CCCCCCCCCCCCCCCCCCCCCCCCCCC,BJQWYEJQWHSSCJ,False
endpoint_experimental,OFBQJSOFQDEBGM-UHFFFAOYSA-N,Pentane,CCCCC,0.6666666666666666,CCCCCCCCCCCCCCCCCCCCCCCCCCC,BJQWYEJQWHSSCJ,False
endpoint_experimental,VLKZOEOYAKHREP-UHFFFAOYSA-N,Hexane,CCCCCC,0.875,CCCCCCCCCCCCCCCCCCCCCCCCCCC,BJQWYEJQWHSSCJ,False
endpoint_experimental,TVMXDCGIABBOFY-UHFFFAOYSA-N,Octane,CCCCCCCC,1.0,CCCCCCCCCCCCCCCCCCCCCCCCCCC,BJQWYEJQWHSSCJ,False
endpoint_experimental,VGGSQFUCUMXWEO-UHFFFAOYSA-N,Ethene,C=C,0.25,C=O,WSFSSNUMVMOOMR,False
endpoint_experimental,QQONPFPTGQHPMA-UHFFFAOYSA-N,Propene,C=CC,0.4166666666666667,C=CC=CC,PMJHHCWVYXUKFD,False
endpoint_experimental,KAKZBPTYRLMSJV-UHFFFAOYSA-N,Buta-13-diene,C=CC=C,0.5,C=CC=CC=C,AFVDZBIIBXWASR,False
endpoint_experimental,VXNZUUAINFGPBY-UHFFFAOYSA-N,But-1-ene,C=CCC,0.4375,C=CC=CCC,AHAREKHAZNPPMI,False
endpoint_experimental,YWAKXRMUMFPDSH-UHFFFAOYSA-N,pent-1-ene,C=CCCC,0.625,C=CCCCC,LIKMAJRDDDTEIG,False
endpoint_experimental,BAVYZALUXZFZLV-UHFFFAOYSA-N,methylamine,CN,0.25,NN,OAKJQQAXSVQMHS,False
endpoint_experimental,ROSDSFDQCJNGOL-UHFFFAOYSA-N,dimethylamine,CNC,0.3,CNC=O,ATHHXGZTWNVVOU,False
endpoint_experimental,GETQZCLCWQTVFV-UHFFFAOYSA-N,trimethylamine,CN(C)C,0.3,CN(C)N=O,UMFJAHHVKNCGLG,False
endpoint_experimental,HQABUPZFAYXKJW-UHFFFAOYSA-N,butanamine,CCCCN,0.7692307692307693,CCCCCN,DPBLXKKOBLCELK,False
endpoint_experimental,QUSNBJAOOMFDIB-UHFFFAOYSA-N,ethylamine,CCN,0.5555555555555556,CCCN,WGYKZJWCGVVSQN,False
endpoint_experimental,LCGLNKUTAGEVQW-UHFFFAOYSA-N,DiMethylEther,COC,0.3333333333333333,COC(C)(C)C,BZLVMXJERCGZMT,False
endpoint_experimental,RTZKZFJDLAIYFH-UHFFFAOYSA-N,DiethylEther,CCOCC,0.6363636363636364,CCOCOCC,KLKFAASOGCDTDT,False
endpoint_experimental,XTHFKEDIFFGKHM-UHFFFAOYSA-N,DiMethoxyEthane,COCCOC,0.5384615384615384,COCCN,ASUDFOJKTJLAIK,False
endpoint_experimental,VNKYTQGIUYNRMY-UHFFFAOYSA-N,MethylPropylEther,CCCOC,0.5,CCCOCCC,POLCUAVZOMRGSN,False
endpoint_experimental,IKHGUXGNUITLKF-UHFFFAOYSA-N,acetaldehyde,CC=O,0.4166666666666667,C/C=C/C=O,MLUCVPSAIODCQM,False
endpoint_experimental,NBBJYMSMWIIQGU-UHFFFAOYSA-N,propionaldehyde,CCC=O,0.47058823529411764,CCC=CCCC=O,VVGOCOMZRGWHPI,False
endpoint_experimental,ZTQSAGDEMFDKMZ-UHFFFAOYSA-N,buytyraldehyde,CCCC=O,0.625,CCCCC=O,HGBOYTHUEUWSSQ,False
endpoint_experimental,CSCPPACGZOOCGX-UHFFFAOYSA-N,Acetone,CC(C)=O,0.625,CC(=O)C(C)=O,QSJXEFYPDANLFS,False
endpoint_experimental,ZWEHNKRNPOVVGH-UHFFFAOYSA-N,2-Butanone,CCC(C)=O,0.5625,CCC(=O)CC(C)=O,NDOGLIPWGGRQCO,False
endpoint_experimental,XNLICIUVMPYHGG-UHFFFAOYSA-N,2-Pentanone,CCCC(C)=O,0.6111111111111112,CCCCCC(C)=O,CATSNJVOTSVZJV,False
endpoint_experimental,FDPIMTJIUBPUKL-UHFFFAOYSA-N,3-Pentanone,CCC(=O)CC,0.6923076923076923,CCC(=O)CC(=O)CC,DGCTVLNZTFDPDJ,False
endpoint_experimental,QQZOPKMRPOGIEB-UHFFFAOYSA-N,hexa2none,CCCCC(C)=O,0.8235294117647058,CCCCCC(C)=O,CATSNJVOTSVZJV,False
endpoint_experimental,QTBSBXVTEAMEQO-UHFFFAOYSA-N,AceticAcid,CC(=O)O,0.5555555555555556,CC(=O)C(C)=O,QSJXEFYPDANLFS,False
endpoint_experimental,XBDQKXXYIPTUBI-UHFFFAOYSA-N,propionicacid,CCC(=O)O,0.47058823529411764,CCCCC(=O)O,NQPDZGIKBAWPEJ,False
endpoint_experimental,FERIUCNNQQJTOY-UHFFFAOYSA-N,butyricacid,CCCC(=O)O,0.6470588235294118,CCCCC(=O)O,NQPDZGIKBAWPEJ,False
endpoint_experimental,UHOVQNZJYSORNB-UHFFFAOYSA-N,Benzene,c1ccccc1,0.2727272727272727,Clc1ccccc1,MVPPADPHJFYWMZ,True
endpoint_experimental,UFWIBTONFRDIAS-UHFFFAOYSA-N,Napthalene,c1ccc2ccccc2c1,0.47058823529411764,Nc1ccc2ccccc2c1,JBIJLHTVPXGSAM,True
endpoint_experimental,MWPLVEDNUUSJAV-UHFFFAOYSA-N,Anthracene,c1ccc2cc3ccccc3cc2c1,0.6,Cc1cc2ccccc2cc1C,WWGUMAYGTYQSGA,False
endpoint_experimental,IFLREYGFSNHWGE-UHFFFAOYSA-N,tetracene,c1ccc2cc3cc4ccccc4cc3cc2c1,0.5625,Cc1cc2ccccc2cc1C,WWGUMAYGTYQSGA,False
endpoint_experimental,BBEAQIROQSPTKN-UHFFFAOYSA-N,pyrene,c1cc2ccc3cccc4ccc(c1)c2c34,0.625,c1cc2ccc3ccc4ccc5cccc6c(c1)c2c3c4c56,GYFAGKUZYNFMBN,False
endpoint_experimental,YNPNZTXNASCQKK-UHFFFAOYSA-N,phenanthrene,c1ccc2c(c1)ccc1ccccc12,0.8571428571428571,c1ccc2c(c1)ccc1c3ccccc3ccc21,WDECIBYCCFPHNR,False
endpoint_experimental,ZUOUZKKEUPVFJK-UHFFFAOYSA-N,Biphenyl,c1ccc(-c2ccccc2)cc1,0.6,Clc1ccc(-c2ccccc2)cc1,FPWNLURCHDRMHC,True
endpoint_experimental,YXFVVABEGXRONW-UHFFFAOYSA-N,Toluene,Cc1ccccc1,0.5833333333333334,Cc1ccc(C)cc1,URLKBWYHVLBVBO,True
endpoint_experimental,ISWSIDIOOBJBQZ-UHFFFAOYSA-N,Phenol,Oc1ccccc1,0.625,Oc1ccc(-c2ccccc2)cc1,YXVFYQXJAXKLAK,False
endpoint_experimental,IWDCLRJOBJJRNH-UHFFFAOYSA-N,p-cresol,Cc1ccc(O)cc1,0.6153846153846154,Oc1ccc(O)cc1,QIGBRXMKCJKVMJ,True
endpoint_experimental,RLSSMJSEOOYNOY-UHFFFAOYSA-N,m-cresol,Cc1cccc(O)c1,0.6111111111111112,Oc1cccc(O)c1,GHMLBKRAJCXXBS,True
endpoint_experimental,QWVGKYWNOKOFNN-UHFFFAOYSA-N,o-cresol,Cc1ccccc1O,0.6,Cc1cccc(O)c1C,QWBBPBRQALCEIZ,True
endpoint_experimental,XLYOFNOQVPJJNP-UHFFFAOYSA-N,Water,O,0.16666666666666666,CC#N,WEVYAHXRMPXWCK,False
endpoint_experimental,OKKJLVBELUTLKV-UHFFFAOYSA-N,Methanol,CO,0.2857142857142857,C=C(C)C,VQTUBCCKSQIDNK,False
endpoint_experimental,LFQSCWFLJHTTHZ-UHFFFAOYSA-N,Ethanol,CCO,0.38461538461538464,CCC(CC)CO,TZYRSLHNPKPEFV,False
endpoint_experimental,BDERNNFJNOPAEC-UHFFFAOYSA-N,Propanol,CCCO,0.5,CCCCCCCO,BBMCTIGTTCKYKF,False
endpoint_experimental,KFZMGEQAYNKOFK-UHFFFAOYSA-N,2-Propanol,CC(C)O,0.625,CC(O)C(C)O,OWBTYPJTUOEWEK,False
endpoint_experimental,LRHPLDYGYMQRHN-UHFFFAOYSA-N,1-Butanol,CCCCO,0.7142857142857143,CCCCCCCO,BBMCTIGTTCKYKF,False
endpoint_experimental,BTANRVKWQNVYAZ-UHFFFAOYSA-N,2-Butanol,CCC(C)O,0.5333333333333333,CC[C@@H](O)C(C)C,ISTJMQSHILQAEC,False
endpoint_experimental,DKGAVHZHDRPRBM-UHFFFAOYSA-N,2-Methyl-2-Propanol,CC(C)(C)O,0.4166666666666667,C#CC(C)(C)O,CEBKHWWANWSNTI,False
endpoint_experimental,AMQJEAYHLZJPGS-UHFFFAOYSA-N,1-Pentanol,CCCCCO,0.9230769230769231,CCCCCCCO,BBMCTIGTTCKYKF,False
endpoint_experimental,MSXVEPNJUHWQHW-UHFFFAOYSA-N,2-Methyl-2-Butanol,CCC(C)(C)O,0.6153846153846154,CCC(C)(O)CC,FRDAATYAJDYRNW,False
endpoint_experimental,JYVLIDXNZAXMDK-UHFFFAOYSA-N,2-Pentanol,CCCC(C)O,0.6470588235294118,CCCCC(C)O,QNVRIHYSUZMSGM,False
endpoint_experimental,AQIXEPGDORPWBJ-UHFFFAOYSA-N,3-Pentanol,CCC(O)CC,0.6,CCC[C@@H](O)CC,ZOCHHNOQQHDWHG,False
endpoint_experimental,HPXRVTGHNJAIIH-UHFFFAOYSA-N,Cyclohexanol,OC1CCCCC1,1.0,OC1CCCCCC1,QCRFMSUKWRQZEM,False
endpoint_experimental,KBPLFHHGFOOTCA-UHFFFAOYSA-N,Octanol,CCCCCCCCO,1.0,CCCCCCCO,BBMCTIGTTCKYKF,False
endpoint_experimental,XEKOWRVHYACXOJ-UHFFFAOYSA-N,EthylAcetate,CCOC(C)=O,0.5882352941176471,CC(=O)OCCOC(C)=O,JTXMVXSTHSMVQF,False
endpoint_experimental,RJUFJBKOKNCXHH-UHFFFAOYSA-N,MethylPropionate,CCC(=O)OC,0.5789473684210527,CCCC(=O)OC,UUIQMZJEGPQKFD,False
endpoint_experimental,YKYONYBAUNKHLG-UHFFFAOYSA-N,PropylAcetate,CCCOC(C)=O,0.7058823529411765,CC(=O)OCCOC(C)=O,JTXMVXSTHSMVQF,False
endpoint_experimental,DKPFZGUDAPQIHT-UHFFFAOYSA-N,ButylAcetate,CCCCOC(C)=O,0.85,CCCCCOC(C)=O,PGMYKACGEOXYJE,False
endpoint_experimental,DLFVBJFMPXGRIB-UHFFFAOYSA-N,Acetamide,CC(N)=O,0.5555555555555556,NC(N)=O,XSQUKJJJFZCRTK,False
endpoint_experimental,OHLUUHNLEMFGTQ-UHFFFAOYSA-N,N-Methylacetamide,CNC(C)=O,0.42857142857142855,COC(=O)OC,IEJIGPNLZYLLBP,False
endpoint_experimental,FXHOOIRPVKKKFG-UHFFFAOYSA-N,DiMethylAcetamide,CC(=O)N(C)C,0.4166666666666667,CC(=O)C(C)=O,QSJXEFYPDANLFS,False
endpoint_experimental,QLNJFJADRCOGBJ-UHFFFAOYSA-N,propionamide,CCC(N)=O,0.5,CCCCCC(N)=O,ALBYIUDWACNRRB,False
endpoint_experimental,LSDPWZHWYPCBBB-UHFFFAOYSA-N,MethaneThiol,CS,0.2857142857142857,CC(C)S,KJRCEJOSASVSRA,False
endpoint_experimental,DNJIEGIFACGWOD-UHFFFAOYSA-N,EthaneThiol,CCS,0.3333333333333333,CCCl,HRYZWHHZPQKTII,False
endpoint_experimental,SUVIGLJNEAMWEG-UHFFFAOYSA-N,Propanethiol,CCCS,0.3333333333333333,CCCCCCCCCCCCCCCCCCCCCCCCCCC,BJQWYEJQWHSSCJ,False
endpoint_experimental,WQAQPCDUOCURKW-UHFFFAOYSA-N,1-Butanethiol,CCCCS,0.46153846153846156,CCCCCCCCCCCCCCCCCCCCCCCCCCC,BJQWYEJQWHSSCJ,False
endpoint_experimental,QMMFVYPAHWMCMS-UHFFFAOYSA-N,DiMethylSulfide,CSC,0.2,CCSSCC,CETBSQOFQKLHHZ,False
endpoint_experimental,LJSQFQKUNVCTIA-UHFFFAOYSA-N,DiEthylSulfide,CCSCC,0.45454545454545453,CCSSCC,CETBSQOFQKLHHZ,False
endpoint_experimental,WXEHBUMAEPOYKP-UHFFFAOYSA-N,EthylMethylSulfide,CCSC,0.45454545454545453,CCSSCC,CETBSQOFQKLHHZ,False
endpoint_experimental,WQOXQRCZOLPYPM-UHFFFAOYSA-N,DimethylDisulfide,CSSC,0.1875,CSc1ccccc1,HNKJADCVZUBCPG,False
endpoint_experimental,ZFRKQXVRDFCRJG-UHFFFAOYSA-N,3-methyl-indole,Cc1c[nH]c2ccccc12,0.43478260869565216,Cc1ccc(C)c2ccccc12,APQSQLNWAIULLK,False
endpoint_experimental,PAYRUJLWNCNPSJ-UHFFFAOYSA-N,Aniline,Nc1ccccc1,0.4666666666666667,Nc1ccc(-c2ccc(N)cc2)cc1,HFACYLZERDEVSX,False
endpoint_experimental,RAXXELZNTBOGNW-UHFFFAOYSA-N,Imidazole,c1c[nH]cn1,0.23809523809523808,c1nc[nH]n1,NSPMIYGKQJPBQR,False
endpoint_experimental,KAESVJOAVNADME-UHFFFAOYSA-N,Pyrrole,c1cc[nH]c1,0.2,Cn1cccc1,OXHNLMTVIGZXSG,True
endpoint_experimental,JUJWROOIHBZHMG-UHFFFAOYSA-N,pyridine,c1ccncc1,0.3,Cc1cccnc1,ITQTTZVARXURQS,True
combisolv_qm,LVZWSLJZHVFIQJ-UHFFFAOYSA-N,Cyclopropane,C1CC1,1.0,C1CCC1,PMPVIKIVABFJJI,False
combisolv_qm,RGSFGYAAUTVSQA-UHFFFAOYSA-N,Cyclopentane,C1CCCC1,1.0,C1CCC1,PMPVIKIVABFJJI,False
combisolv_qm,XDTMQSROBMDMFD-UHFFFAOYSA-N,Cyclohexane,C1CCCCC1,1.0,C1CCC1,PMPVIKIVABFJJI,False
combisolv_qm,DMEGYFMYUHOHGS-UHFFFAOYSA-N,Cycloheptane,C1CCCCCC1,1.0,C1CCC1,PMPVIKIVABFJJI,False
combisolv_qm,NNPPMTNAJDCUHE-UHFFFAOYSA-N,Isobutane,CC(C)C,0.42857142857142855,CC(N)N,WVRIJHGUJNXDRZ,False
combisolv_qm,CRSOQBOWXPBRES-UHFFFAOYSA-N,NeoPentane,CC(C)(C)C,0.42857142857142855,CC(Cl)(Cl)Cl,UOCLXMDMGBRAIB,False
combisolv_qm,VNWKTOKETHGBQD-UHFFFAOYSA-N,Methane,C,0.06666666666666667,C1=COCCC1,BUDQDWGNQVEFAC,False
combisolv_qm,OTMSDBZUPAUEDD-UHFFFAOYSA-N,Ethane,CC,0.25,CI,INQOMBQAUSQDDS,False
combisolv_qm,ATUOYWHBWRKTHZ-UHFFFAOYSA-N,Propane,CCC,0.42857142857142855,CCCl,HRYZWHHZPQKTII,False
combisolv_qm,IJDNQMDRQITEOD-UHFFFAOYSA-N,Butane,CCCC,0.4444444444444444,CCCF,JRHNUZCXXOTJCA,False
combisolv_qm,OFBQJSOFQDEBGM-UHFFFAOYSA-N,Pentane,CCCCC,0.6666666666666666,CCCCCCCCCCCCCCCCCCCCCCCCCCCCC,IGGUPRCHHJZPBS,False
combisolv_qm,VLKZOEOYAKHREP-UHFFFAOYSA-N,Hexane,CCCCCC,0.875,CCCCCCCCCCCCCCCCCCCCCCCCCCCCC,IGGUPRCHHJZPBS,False
combisolv_qm,TVMXDCGIABBOFY-UHFFFAOYSA-N,Octane,CCCCCCCC,1.0,CCCCCCCCCCCCCCCCCCCCCCCCCCCCC,IGGUPRCHHJZPBS,False
combisolv_qm,VGGSQFUCUMXWEO-UHFFFAOYSA-N,Ethene,C=C,0.25,C=O,WSFSSNUMVMOOMR,False
combisolv_qm,QQONPFPTGQHPMA-UHFFFAOYSA-N,Propene,C=CC,0.36363636363636365,C=CC(C)(C)C,PKXHXOTZMFCXSH,False
combisolv_qm,KAKZBPTYRLMSJV-UHFFFAOYSA-N,Buta-13-diene,C=CC=C,0.4444444444444444,C=CC=O,HGINCPLSRVDWNT,False
combisolv_qm,VXNZUUAINFGPBY-UHFFFAOYSA-N,But-1-ene,C=CCC,0.4375,C=CCCCC,LIKMAJRDDDTEIG,False
combisolv_qm,YWAKXRMUMFPDSH-UHFFFAOYSA-N,pent-1-ene,C=CCCC,0.625,C=CCCCC,LIKMAJRDDDTEIG,False
combisolv_qm,BAVYZALUXZFZLV-UHFFFAOYSA-N,methylamine,CN,0.2857142857142857,CC(N)N,WVRIJHGUJNXDRZ,False
combisolv_qm,ROSDSFDQCJNGOL-UHFFFAOYSA-N,dimethylamine,CNC,0.5,CNNC,DIIIISSCIXVANO,False
combisolv_qm,GETQZCLCWQTVFV-UHFFFAOYSA-N,trimethylamine,CN(C)C,0.5,CN(C)N(C)C,DHBZRQXIRAEMRO,False
combisolv_qm,HQABUPZFAYXKJW-UHFFFAOYSA-N,butanamine,CCCCN,0.7142857142857143,CCCCCCCN,WJYIASZWHGOTOU,False
combisolv_qm,QUSNBJAOOMFDIB-UHFFFAOYSA-N,ethylamine,CCN,0.5555555555555556,CCCN,WGYKZJWCGVVSQN,False
combisolv_qm,LCGLNKUTAGEVQW-UHFFFAOYSA-N,DiMethylEther,COC,0.3333333333333333,CNOC,KRKPYFLIYNGWTE,False
combisolv_qm,RTZKZFJDLAIYFH-UHFFFAOYSA-N,DiethylEther,CCOCC,0.6363636363636364,CCOCCOCC,LZDKZFUFMNSQCJ,False
combisolv_qm,XTHFKEDIFFGKHM-UHFFFAOYSA-N,DiMethoxyEthane,COCCOC,0.7272727272727273,COCCOCCOC,SBZXBUIDTXKZTM,False
combisolv_qm,VNKYTQGIUYNRMY-UHFFFAOYSA-N,MethylPropylEther,CCCOC,0.5294117647058824,CCCCCCOC,ICBJCVRQDSQPGI,False
combisolv_qm,IKHGUXGNUITLKF-UHFFFAOYSA-N,acetaldehyde,CC=O,0.375,O=CC=O,LEQAOMBKQFMDFZ,False
combisolv_qm,NBBJYMSMWIIQGU-UHFFFAOYSA-N,propionaldehyde,CCC=O,0.5,CCC=CCC=O,GXANMBISFKBPEX,False
combisolv_qm,ZTQSAGDEMFDKMZ-UHFFFAOYSA-N,buytyraldehyde,CCCC=O,0.5789473684210527,CCCC=CCCCCC=O,BHAHVSKDYRPNIR,False
combisolv_qm,CSCPPACGZOOCGX-UHFFFAOYSA-N,Acetone,CC(C)=O,0.625,CC(=O)C(C)=O,QSJXEFYPDANLFS,False
combisolv_qm,ZWEHNKRNPOVVGH-UHFFFAOYSA-N,2-Butanone,CCC(C)=O,0.5333333333333333,CCC(=O)C(C)=O,TZMFJUDUGYTVRY,False
combisolv_qm,XNLICIUVMPYHGG-UHFFFAOYSA-N,2-Pentanone,CCCC(C)=O,0.5789473684210527,CCCCCCC(C)=O,ZPVFWPFBNIEHGJ,False
combisolv_qm,FDPIMTJIUBPUKL-UHFFFAOYSA-N,3-Pentanone,CCC(=O)CC,0.6923076923076923,CCC(=O)CC(=O)CC,DGCTVLNZTFDPDJ,False
combisolv_qm,QQZOPKMRPOGIEB-UHFFFAOYSA-N,hexa2none,CCCCC(C)=O,0.7777777777777778,CCCCCCC(C)=O,ZPVFWPFBNIEHGJ,False
combisolv_qm,QTBSBXVTEAMEQO-UHFFFAOYSA-N,AceticAcid,CC(=O)O,0.5555555555555556,CC(=O)C(C)=O,QSJXEFYPDANLFS,False
combisolv_qm,XBDQKXXYIPTUBI-UHFFFAOYSA-N,propionicacid,CCC(=O)O,0.5,CCC(=O)F,WMFABESKCHGSRC,False
combisolv_qm,FERIUCNNQQJTOY-UHFFFAOYSA-N,butyricacid,CCCC(=O)O,0.5789473684210527,CCCCCCCCCCCCCCCC(=O)O,IPCSVZSSVZVIGE,False
combisolv_qm,UHOVQNZJYSORNB-UHFFFAOYSA-N,Benzene,c1ccccc1,0.3,c1ccc(-c2ccc(-c3ccc(-c4ccccc4)cc3)cc2)cc1,GPRIERYVMZVKTC,False
combisolv_qm,UFWIBTONFRDIAS-UHFFFAOYSA-N,Napthalene,c1ccc2ccccc2c1,0.5714285714285714,O=c1ccc2ccccc2cc1,VJPAMLCBTIWAHI,False
combisolv_qm,MWPLVEDNUUSJAV-UHFFFAOYSA-N,Anthracene,c1ccc2cc3ccccc3cc2c1,0.6666666666666666,c1ccc2cc3c(ccc4cc5ccccc5cc43)cc2c1,JQQSUOJIMKJQHS,False
combisolv_qm,IFLREYGFSNHWGE-UHFFFAOYSA-N,tetracene,c1ccc2cc3cc4ccccc4cc3cc2c1,0.625,c1ccc2cc3c(ccc4cc5ccccc5cc43)cc2c1,JQQSUOJIMKJQHS,False
combisolv_qm,BBEAQIROQSPTKN-UHFFFAOYSA-N,pyrene,c1cc2ccc3cccc4ccc(c1)c2c34,0.625,c1cc2ccc3ccc4ccc5cccc6c(c1)c2c3c4c56,GYFAGKUZYNFMBN,False
combisolv_qm,YNPNZTXNASCQKK-UHFFFAOYSA-N,phenanthrene,c1ccc2c(c1)ccc1ccccc12,0.8571428571428571,c1ccc2c(c1)ccc1c3ccccc3ccc21,WDECIBYCCFPHNR,False
combisolv_qm,ZUOUZKKEUPVFJK-UHFFFAOYSA-N,Biphenyl,c1ccc(-c2ccccc2)cc1,0.9,c1ccc(-c2ccc(-c3ccc(-c4ccccc4)cc3)cc2)cc1,GPRIERYVMZVKTC,False
combisolv_qm,YXFVVABEGXRONW-UHFFFAOYSA-N,Toluene,Cc1ccccc1,0.625,Cc1ccc(-c2ccccc2)cc1,ZZLCFHIKESPLTH,False
combisolv_qm,ISWSIDIOOBJBQZ-UHFFFAOYSA-N,Phenol,Oc1ccccc1,0.5,Oc1ccccc1O,YCIMNLLNPGFGHC,True
combisolv_qm,IWDCLRJOBJJRNH-UHFFFAOYSA-N,p-cresol,Cc1ccc(O)cc1,0.6153846153846154,Cc1ccc(C)cc1,URLKBWYHVLBVBO,True
combisolv_qm,RLSSMJSEOOYNOY-UHFFFAOYSA-N,m-cresol,Cc1cccc(O)c1,0.5238095238095238,Cc1cccc(-c2cccc(C)c2)c1,GVEDOIATHPCYGS,False
combisolv_qm,QWVGKYWNOKOFNN-UHFFFAOYSA-N,o-cresol,Cc1ccccc1O,0.5625,Oc1ccccc1O,YCIMNLLNPGFGHC,True
combisolv_qm,XLYOFNOQVPJJNP-UHFFFAOYSA-N,Water,O,0.2,N#CC#N,JMANVNJQNLATNU,False
combisolv_qm,OKKJLVBELUTLKV-UHFFFAOYSA-N,Methanol,CO,0.3333333333333333,CC(C)=C(C)C,WGLLSSPDPJPLOR,False
combisolv_qm,LFQSCWFLJHTTHZ-UHFFFAOYSA-N,Ethanol,CCO,0.38461538461538464,CCC(CO)(CO)CO,ZJCCRDAZUWHFQH,False
combisolv_qm,BDERNNFJNOPAEC-UHFFFAOYSA-N,Propanol,CCCO,0.5,CCCCCCCCCCO,MWKFXSUHUHTGQN,False
combisolv_qm,KFZMGEQAYNKOFK-UHFFFAOYSA-N,2-Propanol,CC(C)O,0.5555555555555556,CC(O)F,OGBOTYGRYZDLMG,False
combisolv_qm,LRHPLDYGYMQRHN-UHFFFAOYSA-N,1-Butanol,CCCCO,0.7142857142857143,CCCCCCCCCCO,MWKFXSUHUHTGQN,False
combisolv_qm,BTANRVKWQNVYAZ-UHFFFAOYSA-N,2-Butanol,CCC(C)O,0.5625,CCC(O)CC(C)O,TXGJTWACJNYNOJ,False
combisolv_qm,DKGAVHZHDRPRBM-UHFFFAOYSA-N,2-Methyl-2-Propanol,CC(C)(C)O,0.5555555555555556,CC(C)(C)C(C)(C)O,OKXVARYIKDXAEO,False
combisolv_qm,AMQJEAYHLZJPGS-UHFFFAOYSA-N,1-Pentanol,CCCCCO,0.9230769230769231,CCCCCCCCCCO,MWKFXSUHUHTGQN,False
combisolv_qm,MSXVEPNJUHWQHW-UHFFFAOYSA-N,2-Methyl-2-Butanol,CCC(C)(C)O,0.5714285714285714,CCC(C)(O)F,YGSHXHJSEUEFDZ,False
combisolv_qm,JYVLIDXNZAXMDK-UHFFFAOYSA-N,2-Pentanol,CCCC(C)O,0.6470588235294118,CCCCC(C)O,QNVRIHYSUZMSGM,False
combisolv_qm,AQIXEPGDORPWBJ-UHFFFAOYSA-N,3-Pentanol,CCC(O)CC,0.6153846153846154,CCC(O)F,MPAGPTVGKNCYOW,False
combisolv_qm,HPXRVTGHNJAIIH-UHFFFAOYSA-N,Cyclohexanol,OC1CCCCC1,1.0,OC1CCCCCCC1,FHADSMKORVFYOS,False
combisolv_qm,KBPLFHHGFOOTCA-UHFFFAOYSA-N,Octanol,CCCCCCCCO,1.0,CCCCCCCCCCO,MWKFXSUHUHTGQN,False
combisolv_qm,XEKOWRVHYACXOJ-UHFFFAOYSA-N,EthylAcetate,CCOC(C)=O,0.5789473684210527,CCOC(=O)C(C)=O,XXRCUYVCPSWGCC,False
combisolv_qm,RJUFJBKOKNCXHH-UHFFFAOYSA-N,MethylPropionate,CCC(=O)OC,0.625,CCC(=O)OC(=O)CC,WYVAMUWZEOHJOQ,False
combisolv_qm,YKYONYBAUNKHLG-UHFFFAOYSA-N,PropylAcetate,CCCOC(C)=O,0.6363636363636364,CCCCCCCCCCCCCOC(C)=O,ZDRNMODJXFOYMN,False
combisolv_qm,DKPFZGUDAPQIHT-UHFFFAOYSA-N,ButylAcetate,CCCCOC(C)=O,0.8095238095238095,CCCCCCCCCCCCCOC(C)=O,ZDRNMODJXFOYMN,False
combisolv_qm,DLFVBJFMPXGRIB-UHFFFAOYSA-N,Acetamide,CC(N)=O,0.5384615384615384,C=C(C)C(N)=O,FQPSGWSUVKBHSU,False
combisolv_qm,OHLUUHNLEMFGTQ-UHFFFAOYSA-N,N-Methylacetamide,CNC(C)=O,0.5625,CNC(=O)NC(C)=O,XRVHSOXXNQTWAW,False
combisolv_qm,FXHOOIRPVKKKFG-UHFFFAOYSA-N,DiMethylAcetamide,CC(=O)N(C)C,0.6153846153846154,CC(=O)N(C)C(C)=O,ZNQFZPCFVNOXJQ,False
combisolv_qm,QLNJFJADRCOGBJ-UHFFFAOYSA-N,propionamide,CCC(N)=O,0.5625,CCCC(N)=O,DNSISZSEWVHGLH,False
combisolv_qm,LSDPWZHWYPCBBB-UHFFFAOYSA-N,MethaneThiol,CS,0.2222222222222222,CC(F)S,CFFBQPDXQRCJQV,False
combisolv_qm,DNJIEGIFACGWOD-UHFFFAOYSA-N,EthaneThiol,CCS,0.375,SCCS,VYMPLPIFKRHAAC,False
combisolv_qm,SUVIGLJNEAMWEG-UHFFFAOYSA-N,Propanethiol,CCCS,0.5,CCCCCCCS,VPIAKHNXCOTPAY,False
combisolv_qm,WQAQPCDUOCURKW-UHFFFAOYSA-N,1-Butanethiol,CCCCS,0.7142857142857143,CCCCCCCS,VPIAKHNXCOTPAY,False
combisolv_qm,QMMFVYPAHWMCMS-UHFFFAOYSA-N,DiMethylSulfide,CSC,0.42857142857142855,CSBr,VTACQRMNQIKUJV,False
combisolv_qm,LJSQFQKUNVCTIA-UHFFFAOYSA-N,DiEthylSulfide,CCSCC,0.4117647058823529,CCSCC(=O)O,VJIKFWJCVWFZIN,False
combisolv_qm,WXEHBUMAEPOYKP-UHFFFAOYSA-N,EthylMethylSulfide,CCSC,0.46153846153846156,CCCSC,ZOASGOXWEHUTKZ,False
combisolv_qm,WQOXQRCZOLPYPM-UHFFFAOYSA-N,DimethylDisulfide,CSSC,0.5,CSSSC,YWHLKYXPLRWGSE,False
combisolv_qm,ZFRKQXVRDFCRJG-UHFFFAOYSA-N,3-methyl-indole,Cc1c[nH]c2ccccc12,0.4827586206896552,Cc1cc(=O)[nH]c2ccccc12,APLVPBUBDFWWAD,False
combisolv_qm,PAYRUJLWNCNPSJ-UHFFFAOYSA-N,Aniline,Nc1ccccc1,0.625,Nc1ccc(-c2ccccc2)cc1,DMVOXQPQNTYEKQ,False
combisolv_qm,RAXXELZNTBOGNW-UHFFFAOYSA-N,Imidazole,c1c[nH]cn1,0.26666666666666666,c1cnccn1,KYQCOXFCLRTKLS,False
combisolv_qm,KAESVJOAVNADME-UHFFFAOYSA-N,Pyrrole,c1cc[nH]c1,0.2631578947368421,O=c1cccc[nH]1,UBQKCCHYAOITMY,False
combisolv_qm,JUJWROOIHBZHMG-UHFFFAOYSA-N,pyridine,c1ccncc1,0.5,c1cncnc1,CZPWVGJYEJSRLH,False
abraham,LVZWSLJZHVFIQJ-UHFFFAOYSA-N,Cyclopropane,C1CC1,1.0,C1CCCCCCCCCCC1,DDTBPAQBQHZRDW,False
abraham,RGSFGYAAUTVSQA-UHFFFAOYSA-N,Cyclopentane,C1CCCC1,1.0,C1CCCCCCCCCCC1,DDTBPAQBQHZRDW,False
abraham,XDTMQSROBMDMFD-UHFFFAOYSA-N,Cyclohexane,C1CCCCC1,1.0,C1CCCCCCCCCCC1,DDTBPAQBQHZRDW,False
abraham,DMEGYFMYUHOHGS-UHFFFAOYSA-N,Cycloheptane,C1CCCCCC1,1.0,C1CCCCCCCCCCC1,DDTBPAQBQHZRDW,False
abraham,NNPPMTNAJDCUHE-UHFFFAOYSA-N,Isobutane,CC(C)C,0.5,CC(C)Cl,ULYZAYCEDJDHCC,False
abraham,CRSOQBOWXPBRES-UHFFFAOYSA-N,NeoPentane,CC(C)(C)C,0.5,CC(C)(C)C(C)(C)C,OMMLUKLXGSRPHK,False
abraham,VNWKTOKETHGBQD-UHFFFAOYSA-N,Methane,C,0.16666666666666666,CC(C)S,KJRCEJOSASVSRA,False
abraham,OTMSDBZUPAUEDD-UHFFFAOYSA-N,Ethane,CC,0.25,CBr,GZUXJHMPEANEGY,False
abraham,ATUOYWHBWRKTHZ-UHFFFAOYSA-N,Propane,CCC,0.42857142857142855,CCCl,HRYZWHHZPQKTII,False
abraham,IJDNQMDRQITEOD-UHFFFAOYSA-N,Butane,CCCC,0.4444444444444444,CCCCCCCCCCCCCC,BGHCVCJVXZWKCC,False
abraham,OFBQJSOFQDEBGM-UHFFFAOYSA-N,Pentane,CCCCC,0.6666666666666666,CCCCCCCCCCCCCC,BGHCVCJVXZWKCC,False
abraham,VLKZOEOYAKHREP-UHFFFAOYSA-N,Hexane,CCCCCC,0.875,CCCCCCCCCCCCCC,BGHCVCJVXZWKCC,False
abraham,TVMXDCGIABBOFY-UHFFFAOYSA-N,Octane,CCCCCCCC,1.0,CCCCCCCCCCCCCC,BGHCVCJVXZWKCC,False
abraham,VGGSQFUCUMXWEO-UHFFFAOYSA-N,Ethene,C=C,0.25,C=O,WSFSSNUMVMOOMR,False
abraham,QQONPFPTGQHPMA-UHFFFAOYSA-N,Propene,C=CC,0.4166666666666667,C=CC=CC,PMJHHCWVYXUKFD,False
abraham,KAKZBPTYRLMSJV-UHFFFAOYSA-N,Buta-13-diene,C=CC=C,0.5,C=C/C=C\C=C,AFVDZBIIBXWASR,False
abraham,VXNZUUAINFGPBY-UHFFFAOYSA-N,But-1-ene,C=CCC,0.4375,C=C/C=C\CC,AHAREKHAZNPPMI,False
abraham,YWAKXRMUMFPDSH-UHFFFAOYSA-N,pent-1-ene,C=CCCC,0.625,C=CCCCC,LIKMAJRDDDTEIG,False
abraham,BAVYZALUXZFZLV-UHFFFAOYSA-N,methylamine,CN,0.2857142857142857,CNN,HDZGCSFEDULWCS,False
abraham,ROSDSFDQCJNGOL-UHFFFAOYSA-N,dimethylamine,CNC,0.5,CNNC,DIIIISSCIXVANO,False
abraham,GETQZCLCWQTVFV-UHFFFAOYSA-N,trimethylamine,CN(C)C,0.5,CN(C)N(C)C,DHBZRQXIRAEMRO,False
abraham,HQABUPZFAYXKJW-UHFFFAOYSA-N,butanamine,CCCCN,0.7692307692307693,CCCCCN,DPBLXKKOBLCELK,False
abraham,QUSNBJAOOMFDIB-UHFFFAOYSA-N,ethylamine,CCN,0.5555555555555556,CCCN,WGYKZJWCGVVSQN,False
abraham,LCGLNKUTAGEVQW-UHFFFAOYSA-N,DiMethylEther,COC,0.42857142857142855,COO,MEUKEBNAABNAEX,False
abraham,RTZKZFJDLAIYFH-UHFFFAOYSA-N,DiethylEther,CCOCC,0.6363636363636364,CCOCOCC,KLKFAASOGCDTDT,False
abraham,XTHFKEDIFFGKHM-UHFFFAOYSA-N,DiMethoxyEthane,COCCOC,0.7272727272727273,COCCOCCOC,SBZXBUIDTXKZTM,False
abraham,VNKYTQGIUYNRMY-UHFFFAOYSA-N,MethylPropylEther,CCCOC,0.625,CCCOCCOC,ILLHRDFIVGEPIU,False
abraham,IKHGUXGNUITLKF-UHFFFAOYSA-N,acetaldehyde,CC=O,0.4166666666666667,C/C=C/C=O,MLUCVPSAIODCQM,False
abraham,NBBJYMSMWIIQGU-UHFFFAOYSA-N,propionaldehyde,CCC=O,0.5,CC/C=C\CC=O,GXANMBISFKBPEX,False
abraham,ZTQSAGDEMFDKMZ-UHFFFAOYSA-N,buytyraldehyde,CCCC=O,0.6470588235294118,CCCC=CCCC=O,ICPZCFJMCZRIPY,False
abraham,CSCPPACGZOOCGX-UHFFFAOYSA-N,Acetone,CC(C)=O,0.625,CC(=O)C(C)=O,QSJXEFYPDANLFS,False
abraham,ZWEHNKRNPOVVGH-UHFFFAOYSA-N,2-Butanone,CCC(C)=O,0.5625,CCC(=O)CC(C)=O,NDOGLIPWGGRQCO,False
abraham,XNLICIUVMPYHGG-UHFFFAOYSA-N,2-Pentanone,CCCC(C)=O,0.6428571428571429,CC(=O)CCC(C)=O,OJVAMHKKJGICOG,False
abraham,FDPIMTJIUBPUKL-UHFFFAOYSA-N,3-Pentanone,CCC(=O)CC,0.6923076923076923,CCC(=O)CC(=O)CC,DGCTVLNZTFDPDJ,False
abraham,QQZOPKMRPOGIEB-UHFFFAOYSA-N,hexa2none,CCCCC(C)=O,0.8235294117647058,CCCCCC(C)=O,CATSNJVOTSVZJV,False
abraham,QTBSBXVTEAMEQO-UHFFFAOYSA-N,AceticAcid,CC(=O)O,0.6,CC(=O)C(=O)O,LCTONWCANYUPML,False
abraham,XBDQKXXYIPTUBI-UHFFFAOYSA-N,propionicacid,CCC(=O)O,0.5,CCC(=O)F,WMFABESKCHGSRC,False
abraham,FERIUCNNQQJTOY-UHFFFAOYSA-N,butyricacid,CCCC(=O)O,0.6470588235294118,CCCCC(=O)O,NQPDZGIKBAWPEJ,False
abraham,UHOVQNZJYSORNB-UHFFFAOYSA-N,Benzene,c1ccccc1,0.3,c1ccc2cccc-2cc1,CUFNKYGDVFVPHO,False
abraham,UFWIBTONFRDIAS-UHFFFAOYSA-N,Napthalene,c1ccc2ccccc2c1,0.5833333333333334,c1ccc2cc3cc4cc5ccccc5cc4cc3cc2c1,SLIUAWYAILUBJU,False
abraham,MWPLVEDNUUSJAV-UHFFFAOYSA-N,Anthracene,c1ccc2cc3ccccc3cc2c1,0.9090909090909091,c1ccc2cc3cc4cc5ccccc5cc4cc3cc2c1,SLIUAWYAILUBJU,False
abraham,IFLREYGFSNHWGE-UHFFFAOYSA-N,tetracene,c1ccc2cc3cc4ccccc4cc3cc2c1,1.0,c1ccc2cc3cc4cc5ccccc5cc4cc3cc2c1,SLIUAWYAILUBJU,False
abraham,BBEAQIROQSPTKN-UHFFFAOYSA-N,pyrene,c1cc2ccc3cccc4ccc(c1)c2c34,0.7333333333333333,c1cc2ccc3cc4cccc5ccc6cc(c1)c2c3c6c54,YFIJJNAKSZUOLT,False
abraham,YNPNZTXNASCQKK-UHFFFAOYSA-N,phenanthrene,c1ccc2c(c1)ccc1ccccc12,0.8571428571428571,c1ccc2c(c1)ccc1c2ccc2c3ccccc3ccc21,GBROPGWFBFCKAG,False
abraham,ZUOUZKKEUPVFJK-UHFFFAOYSA-N,Biphenyl,c1ccc(-c2ccccc2)cc1,0.9,c1ccc2cccc-2cc1,CUFNKYGDVFVPHO,False
abraham,YXFVVABEGXRONW-UHFFFAOYSA-N,Toluene,Cc1ccccc1,0.625,Cc1ccc(-c2ccccc2)cc1,ZZLCFHIKESPLTH,False
abraham,ISWSIDIOOBJBQZ-UHFFFAOYSA-N,Phenol,Oc1ccccc1,0.625,Oc1ccc(-c2ccccc2)cc1,YXVFYQXJAXKLAK,False
abraham,IWDCLRJOBJJRNH-UHFFFAOYSA-N,p-cresol,Cc1ccc(O)cc1,0.6153846153846154,Oc1ccc(O)cc1,QIGBRXMKCJKVMJ,True
abraham,RLSSMJSEOOYNOY-UHFFFAOYSA-N,m-cresol,Cc1cccc(O)c1,0.6111111111111112,Oc1cccc(O)c1,GHMLBKRAJCXXBS,True
abraham,QWVGKYWNOKOFNN-UHFFFAOYSA-N,o-cresol,Cc1ccccc1O,0.6,Cc1cccc(O)c1C,QWBBPBRQALCEIZ,True
abraham,XLYOFNOQVPJJNP-UHFFFAOYSA-N,Water,O,0.2,N#CC#N,JMANVNJQNLATNU,False
abraham,OKKJLVBELUTLKV-UHFFFAOYSA-N,Methanol,CO,0.3333333333333333,CC(C)=C(C)C,WGLLSSPDPJPLOR,False
abraham,LFQSCWFLJHTTHZ-UHFFFAOYSA-N,Ethanol,CCO,0.38461538461538464,CCC(CC)CO,TZYRSLHNPKPEFV,False
abraham,BDERNNFJNOPAEC-UHFFFAOYSA-N,Propanol,CCCO,0.5,CCCCCCCO,BBMCTIGTTCKYKF,False
abraham,KFZMGEQAYNKOFK-UHFFFAOYSA-N,2-Propanol,CC(C)O,0.625,CC(O)C(C)O,OWBTYPJTUOEWEK,False
abraham,LRHPLDYGYMQRHN-UHFFFAOYSA-N,1-Butanol,CCCCO,0.7142857142857143,CCCCCCCO,BBMCTIGTTCKYKF,False
abraham,BTANRVKWQNVYAZ-UHFFFAOYSA-N,2-Butanol,CCC(C)O,0.5625,CCC(C)CC(C)O,KZUBXUKRWLMPIO,False
abraham,DKGAVHZHDRPRBM-UHFFFAOYSA-N,2-Methyl-2-Propanol,CC(C)(C)O,0.625,CC(C)(O)C(C)(C)O,IVDFJHOHABJVEH,False
abraham,AMQJEAYHLZJPGS-UHFFFAOYSA-N,1-Pentanol,CCCCCO,0.9230769230769231,CCCCCCCO,BBMCTIGTTCKYKF,False
abraham,MSXVEPNJUHWQHW-UHFFFAOYSA-N,2-Methyl-2-Butanol,CCC(C)(C)O,0.6153846153846154,CCC(C)(O)CC,FRDAATYAJDYRNW,False
abraham,JYVLIDXNZAXMDK-UHFFFAOYSA-N,2-Pentanol,CCCC(C)O,0.6470588235294118,CCCCC(C)O,QNVRIHYSUZMSGM,False
abraham,AQIXEPGDORPWBJ-UHFFFAOYSA-N,3-Pentanol,CCC(O)CC,0.6428571428571429,CCC(O)CO,BMRWNKZVCUKKSR,False
abraham,HPXRVTGHNJAIIH-UHFFFAOYSA-N,Cyclohexanol,OC1CCCCC1,1.0,OC1CCCCCCC1,FHADSMKORVFYOS,False
abraham,KBPLFHHGFOOTCA-UHFFFAOYSA-N,Octanol,CCCCCCCCO,1.0,CCCCCCCO,BBMCTIGTTCKYKF,False
abraham,XEKOWRVHYACXOJ-UHFFFAOYSA-N,EthylAcetate,CCOC(C)=O,0.5882352941176471,CC(=O)OCOC(C)=O,BPGDAMSIGCZZLK,False
abraham,RJUFJBKOKNCXHH-UHFFFAOYSA-N,MethylPropionate,CCC(=O)OC,0.625,COC(=O)CC(=O)OC,BEPAFCGSDWSTEL,False
abraham,YKYONYBAUNKHLG-UHFFFAOYSA-N,PropylAcetate,CCCOC(C)=O,0.7058823529411765,CC(=O)OCCOC(C)=O,JTXMVXSTHSMVQF,False
abraham,DKPFZGUDAPQIHT-UHFFFAOYSA-N,ButylAcetate,CCCCOC(C)=O,0.85,CCCCCOC(C)=O,PGMYKACGEOXYJE,False
abraham,DLFVBJFMPXGRIB-UHFFFAOYSA-N,Acetamide,CC(N)=O,0.5555555555555556,NC(N)=O,XSQUKJJJFZCRTK,False
abraham,OHLUUHNLEMFGTQ-UHFFFAOYSA-N,N-Methylacetamide,CNC(C)=O,0.5625,CNC(=O)NC(C)=O,XRVHSOXXNQTWAW,False
abraham,FXHOOIRPVKKKFG-UHFFFAOYSA-N,DiMethylAcetamide,CC(=O)N(C)C,0.5384615384615384,CN(C)C(=O)N(C)C,AVQQQNCBBIEMEU,False
abraham,QLNJFJADRCOGBJ-UHFFFAOYSA-N,propionamide,CCC(N)=O,0.5625,CCCC(N)=O,DNSISZSEWVHGLH,False
abraham,LSDPWZHWYPCBBB-UHFFFAOYSA-N,MethaneThiol,CS,0.2857142857142857,CC(C)S,KJRCEJOSASVSRA,False
abraham,DNJIEGIFACGWOD-UHFFFAOYSA-N,EthaneThiol,CCS,0.38461538461538464,CCCCCS,ZRKMQKLGEQPLNS,False
abraham,SUVIGLJNEAMWEG-UHFFFAOYSA-N,Propanethiol,CCCS,0.5384615384615384,CCCCCS,ZRKMQKLGEQPLNS,False
abraham,WQAQPCDUOCURKW-UHFFFAOYSA-N,1-Butanethiol,CCCCS,0.7692307692307693,CCCCCS,ZRKMQKLGEQPLNS,False
abraham,QMMFVYPAHWMCMS-UHFFFAOYSA-N,DiMethylSulfide,CSC,0.375,CSSSC,YWHLKYXPLRWGSE,False
abraham,LJSQFQKUNVCTIA-UHFFFAOYSA-N,DiEthylSulfide,CCSCC,0.5384615384615384,CCCSCC,ZDDDFDQTSXYYSE,False
abraham,WXEHBUMAEPOYKP-UHFFFAOYSA-N,EthylMethylSulfide,CCSC,0.46153846153846156,CCSSC,XLTBPTGNNLIKRW,False
abraham,WQOXQRCZOLPYPM-UHFFFAOYSA-N,DimethylDisulfide,CSSC,0.5,CSSSC,YWHLKYXPLRWGSE,False
abraham,ZFRKQXVRDFCRJG-UHFFFAOYSA-N,3-methyl-indole,Cc1c[nH]c2ccccc12,0.5185185185185185,Cc1cccc2[nH]ccc12,PZOUSPYUWWUPPK,True
abraham,PAYRUJLWNCNPSJ-UHFFFAOYSA-N,Aniline,Nc1ccccc1,0.625,Nc1ccc(-c2ccccc2)cc1,DMVOXQPQNTYEKQ,False
abraham,RAXXELZNTBOGNW-UHFFFAOYSA-N,Imidazole,c1c[nH]cn1,0.2916666666666667,O=c1ccnc[nH]1,DNCYBUMDUBHIJZ,False
abraham,KAESVJOAVNADME-UHFFFAOYSA-N,Pyrrole,c1cc[nH]c1,0.23529411764705882,c1cn[nH]c1,WTKZEGDFNFYCGP,False
abraham,JUJWROOIHBZHMG-UHFFFAOYSA-N,pyridine,c1ccncc1,0.5,c1cncnc1,CZPWVGJYEJSRLH,False
openff,LVZWSLJZHVFIQJ-UHFFFAOYSA-N,Cyclopropane,C1CC1,0.3333333333333333,C1CCOCC1,DHXVGJBLRPWPCS,False
openff,RGSFGYAAUTVSQA-UHFFFAOYSA-N,Cyclopentane,C1CCCC1,0.3333333333333333,C1CCOCC1,DHXVGJBLRPWPCS,False
openff,XDTMQSROBMDMFD-UHFFFAOYSA-N,Cyclohexane,C1CCCCC1,0.3333333333333333,C1CCOCC1,DHXVGJBLRPWPCS,False
openff,DMEGYFMYUHOHGS-UHFFFAOYSA-N,Cycloheptane,C1CCCCCC1,0.3333333333333333,C1CCOCC1,DHXVGJBLRPWPCS,False
openff,NNPPMTNAJDCUHE-UHFFFAOYSA-N,Isobutane,CC(C)C,0.5,CC(C)Cl,ULYZAYCEDJDHCC,False
openff,CRSOQBOWXPBRES-UHFFFAOYSA-N,NeoPentane,CC(C)(C)C,0.42857142857142855,CC(C)(C)Cl,NBRKLOOSMBRFMH,False
openff,VNWKTOKETHGBQD-UHFFFAOYSA-N,Methane,C,0.0,COc1ccccc1OC,ABDKAPXRBAPSQN,False
openff,OTMSDBZUPAUEDD-UHFFFAOYSA-N,Ethane,CC,0.25,CBr,GZUXJHMPEANEGY,False
openff,ATUOYWHBWRKTHZ-UHFFFAOYSA-N,Propane,CCC,0.42857142857142855,CCCl,HRYZWHHZPQKTII,False
openff,IJDNQMDRQITEOD-UHFFFAOYSA-N,Butane,CCCC,0.4444444444444444,CCCCCCCCC,BKIMMITUMNQMOS,False
openff,OFBQJSOFQDEBGM-UHFFFAOYSA-N,Pentane,CCCCC,0.6666666666666666,CCCCCCCCC,BKIMMITUMNQMOS,False
openff,VLKZOEOYAKHREP-UHFFFAOYSA-N,Hexane,CCCCCC,0.875,CCCCCCCCC,BKIMMITUMNQMOS,False
openff,TVMXDCGIABBOFY-UHFFFAOYSA-N,Octane,CCCCCCCC,1.0,CCCCCCCCC,BKIMMITUMNQMOS,False
openff,VGGSQFUCUMXWEO-UHFFFAOYSA-N,Ethene,C=C,0.25,C=O,WSFSSNUMVMOOMR,False
openff,QQONPFPTGQHPMA-UHFFFAOYSA-N,Propene,C=CC,0.36363636363636365,C=CC(C)C,YHQXBTXEYZIYOV,False
openff,KAKZBPTYRLMSJV-UHFFFAOYSA-N,Buta-13-diene,C=CC=C,0.375,C=CCl,BZHJMEDXRYGGRV,False
openff,VXNZUUAINFGPBY-UHFFFAOYSA-N,But-1-ene,C=CCC,0.4375,C=CCCCC,LIKMAJRDDDTEIG,False
openff,YWAKXRMUMFPDSH-UHFFFAOYSA-N,pent-1-ene,C=CCCC,0.625,C=CCCCC,LIKMAJRDDDTEIG,False
openff,BAVYZALUXZFZLV-UHFFFAOYSA-N,methylamine,CN,0.25,NN,OAKJQQAXSVQMHS,False
openff,ROSDSFDQCJNGOL-UHFFFAOYSA-N,dimethylamine,CNC,0.2,CNc1ccccc1,AFBPFSWMIHJQDM,False
openff,GETQZCLCWQTVFV-UHFFFAOYSA-N,trimethylamine,CN(C)C,0.3,CN(C)C=O,ZMXDDKWLCZADIW,False
openff,HQABUPZFAYXKJW-UHFFFAOYSA-N,butanamine,CCCCN,0.7692307692307693,CCCCCN,DPBLXKKOBLCELK,False
openff,QUSNBJAOOMFDIB-UHFFFAOYSA-N,ethylamine,CCN,0.5555555555555556,CCCN,WGYKZJWCGVVSQN,False
openff,LCGLNKUTAGEVQW-UHFFFAOYSA-N,DiMethylEther,COC,0.3333333333333333,COC(C)(C)C,BZLVMXJERCGZMT,False
openff,RTZKZFJDLAIYFH-UHFFFAOYSA-N,DiethylEther,CCOCC,0.6363636363636364,CCOCCOCC,LZDKZFUFMNSQCJ,False
openff,XTHFKEDIFFGKHM-UHFFFAOYSA-N,DiMethoxyEthane,COCCOC,0.5384615384615384,COCCN,ASUDFOJKTJLAIK,False
openff,VNKYTQGIUYNRMY-UHFFFAOYSA-N,MethylPropylEther,CCCOC,0.5,CCCOCCC,POLCUAVZOMRGSN,False
openff,IKHGUXGNUITLKF-UHFFFAOYSA-N,acetaldehyde,CC=O,0.4166666666666667,C/C=C/C=O,MLUCVPSAIODCQM,False
openff,NBBJYMSMWIIQGU-UHFFFAOYSA-N,propionaldehyde,CCC=O,0.4375,CCCCC=O,HGBOYTHUEUWSSQ,False
openff,ZTQSAGDEMFDKMZ-UHFFFAOYSA-N,buytyraldehyde,CCCC=O,0.625,CCCCC=O,HGBOYTHUEUWSSQ,False
openff,CSCPPACGZOOCGX-UHFFFAOYSA-N,Acetone,CC(C)=O,0.45454545454545453,COC(C)=O,KXKVLQRXCPHEJC,False
openff,ZWEHNKRNPOVVGH-UHFFFAOYSA-N,2-Butanone,CCC(C)=O,0.4444444444444444,CCCCCC(C)=O,CATSNJVOTSVZJV,False
openff,XNLICIUVMPYHGG-UHFFFAOYSA-N,2-Pentanone,CCCC(C)=O,0.6111111111111112,CCCCCC(C)=O,CATSNJVOTSVZJV,False
openff,FDPIMTJIUBPUKL-UHFFFAOYSA-N,3-Pentanone,CCC(=O)CC,0.4666666666666667,CCCC(=O)CCC,HCFAJYNVAYBARA,False
openff,QQZOPKMRPOGIEB-UHFFFAOYSA-N,hexa2none,CCCCC(C)=O,0.8235294117647058,CCCCCC(C)=O,CATSNJVOTSVZJV,False
openff,QTBSBXVTEAMEQO-UHFFFAOYSA-N,AceticAcid,CC(=O)O,0.4166666666666667,COC(C)=O,KXKVLQRXCPHEJC,False
openff,XBDQKXXYIPTUBI-UHFFFAOYSA-N,propionicacid,CCC(=O)O,0.47058823529411764,CCCCC(=O)O,NQPDZGIKBAWPEJ,False
openff,FERIUCNNQQJTOY-UHFFFAOYSA-N,butyricacid,CCCC(=O)O,0.6470588235294118,CCCCC(=O)O,NQPDZGIKBAWPEJ,False
openff,UHOVQNZJYSORNB-UHFFFAOYSA-N,Benzene,c1ccccc1,0.2727272727272727,Clc1ccccc1,MVPPADPHJFYWMZ,True
openff,UFWIBTONFRDIAS-UHFFFAOYSA-N,Napthalene,c1ccc2ccccc2c1,0.47058823529411764,Nc1ccc2ccccc2c1,JBIJLHTVPXGSAM,True
openff,MWPLVEDNUUSJAV-UHFFFAOYSA-N,Anthracene,c1ccc2cc3ccccc3cc2c1,0.6,Cc1cc2ccccc2cc1C,WWGUMAYGTYQSGA,False
openff,IFLREYGFSNHWGE-UHFFFAOYSA-N,tetracene,c1ccc2cc3cc4ccccc4cc3cc2c1,0.5625,Cc1cc2ccccc2cc1C,WWGUMAYGTYQSGA,False
openff,BBEAQIROQSPTKN-UHFFFAOYSA-N,pyrene,c1cc2ccc3cccc4ccc(c1)c2c34,0.5,c1cc2c3c(cccc3c1)CC2,CWRYPZZKDGJXCA,False
openff,YNPNZTXNASCQKK-UHFFFAOYSA-N,phenanthrene,c1ccc2c(c1)ccc1ccccc12,0.5263157894736842,Oc1cccc2ccccc12,KJCVRFUGPWSIIH,False
openff,ZUOUZKKEUPVFJK-UHFFFAOYSA-N,Biphenyl,c1ccc(-c2ccccc2)cc1,0.4444444444444444,Clc1ccccc1-c1ccccc1,LAXBNTIAOJWAOP,True
openff,YXFVVABEGXRONW-UHFFFAOYSA-N,Toluene,Cc1ccccc1,0.5833333333333334,Cc1ccc(C)cc1,URLKBWYHVLBVBO,True
openff,ISWSIDIOOBJBQZ-UHFFFAOYSA-N,Phenol,Oc1ccccc1,0.4117647058823529,Oc1ccc(Br)cc1,GZFGOTFRPZRKDS,True
openff,IWDCLRJOBJJRNH-UHFFFAOYSA-N,p-cresol,Cc1ccc(O)cc1,0.6153846153846154,Cc1ccc(C)cc1,URLKBWYHVLBVBO,True
openff,RLSSMJSEOOYNOY-UHFFFAOYSA-N,m-cresol,Cc1cccc(O)c1,0.6111111111111112,Cc1cccc(C)c1,IVSZLXZYQVIEFR,True
openff,QWVGKYWNOKOFNN-UHFFFAOYSA-N,o-cresol,Cc1ccccc1O,0.6,Cc1cccc(O)c1C,QWBBPBRQALCEIZ,True
openff,XLYOFNOQVPJJNP-UHFFFAOYSA-N,Water,O,0.16666666666666666,CC#N,WEVYAHXRMPXWCK,False
openff,OKKJLVBELUTLKV-UHFFFAOYSA-N,Methanol,CO,0.2857142857142857,C=C(C)C,VQTUBCCKSQIDNK,False
openff,LFQSCWFLJHTTHZ-UHFFFAOYSA-N,Ethanol,CCO,0.375,OCCO,LYCAIKOWRPUZTN,False
openff,BDERNNFJNOPAEC-UHFFFAOYSA-N,Propanol,CCCO,0.5,CCCCCCCO,BBMCTIGTTCKYKF,False
openff,KFZMGEQAYNKOFK-UHFFFAOYSA-N,2-Propanol,CC(C)O,0.4166666666666667,C[C@H](O)C(F)(F)F,GILIYJDBJZWGBG,False
openff,LRHPLDYGYMQRHN-UHFFFAOYSA-N,1-Butanol,CCCCO,0.7142857142857143,CCCCCCCO,BBMCTIGTTCKYKF,False
openff,BTANRVKWQNVYAZ-UHFFFAOYSA-N,2-Butanol,CCC(C)O,0.5333333333333333,CC[C@@H](O)C(C)C,ISTJMQSHILQAEC,False
openff,DKGAVHZHDRPRBM-UHFFFAOYSA-N,2-Methyl-2-Propanol,CC(C)(C)O,0.35714285714285715,CCCC(C)(C)O,WFRBDWRZVBPBDO,False
openff,AMQJEAYHLZJPGS-UHFFFAOYSA-N,1-Pentanol,CCCCCO,0.9230769230769231,CCCCCCCO,BBMCTIGTTCKYKF,False
openff,MSXVEPNJUHWQHW-UHFFFAOYSA-N,2-Methyl-2-Butanol,CCC(C)(C)O,0.5333333333333333,CCCC(C)(C)O,WFRBDWRZVBPBDO,False
openff,JYVLIDXNZAXMDK-UHFFFAOYSA-N,2-Pentanol,CCCC(C)O,0.5,CCCC(C)C,AFABGHUZZDYHJO,False
openff,AQIXEPGDORPWBJ-UHFFFAOYSA-N,3-Pentanol,CCC(O)CC,0.6,CCC[C@@H](O)CC,ZOCHHNOQQHDWHG,False
openff,HPXRVTGHNJAIIH-UHFFFAOYSA-N,Cyclohexanol,OC1CCCCC1,1.0,OC1CCCCCC1,QCRFMSUKWRQZEM,False
openff,KBPLFHHGFOOTCA-UHFFFAOYSA-N,Octanol,CCCCCCCCO,1.0,CCCCCCCO,BBMCTIGTTCKYKF,False
openff,XEKOWRVHYACXOJ-UHFFFAOYSA-N,EthylAcetate,CCOC(C)=O,0.5882352941176471,CC(=O)OCCOC(C)=O,JTXMVXSTHSMVQF,False
openff,RJUFJBKOKNCXHH-UHFFFAOYSA-N,MethylPropionate,CCC(=O)OC,0.5789473684210527,CCCC(=O)OC,UUIQMZJEGPQKFD,False
openff,YKYONYBAUNKHLG-UHFFFAOYSA-N,PropylAcetate,CCCOC(C)=O,0.7058823529411765,CC(=O)OCCOC(C)=O,JTXMVXSTHSMVQF,False
openff,DKPFZGUDAPQIHT-UHFFFAOYSA-N,ButylAcetate,CCCCOC(C)=O,0.85,CCCCCOC(C)=O,PGMYKACGEOXYJE,False
openff,DLFVBJFMPXGRIB-UHFFFAOYSA-N,Acetamide,CC(N)=O,0.38461538461538464,COC(C)=O,KXKVLQRXCPHEJC,False
openff,OHLUUHNLEMFGTQ-UHFFFAOYSA-N,N-Methylacetamide,CNC(C)=O,0.42857142857142855,COC(C)=O,KXKVLQRXCPHEJC,False
openff,FXHOOIRPVKKKFG-UHFFFAOYSA-N,DiMethylAcetamide,CC(=O)N(C)C,0.3333333333333333,COC(C)=O,KXKVLQRXCPHEJC,False
openff,QLNJFJADRCOGBJ-UHFFFAOYSA-N,propionamide,CCC(N)=O,0.5,CCCCCC(N)=O,ALBYIUDWACNRRB,False
openff,LSDPWZHWYPCBBB-UHFFFAOYSA-N,MethaneThiol,CS,0.2,CBr,GZUXJHMPEANEGY,False
openff,DNJIEGIFACGWOD-UHFFFAOYSA-N,EthaneThiol,CCS,0.3333333333333333,CCCl,HRYZWHHZPQKTII,False
openff,SUVIGLJNEAMWEG-UHFFFAOYSA-N,Propanethiol,CCCS,0.3333333333333333,CCCCCCCCC,BKIMMITUMNQMOS,False
openff,WQAQPCDUOCURKW-UHFFFAOYSA-N,1-Butanethiol,CCCCS,0.46153846153846156,CCCCCCCCC,BKIMMITUMNQMOS,False
openff,QMMFVYPAHWMCMS-UHFFFAOYSA-N,DiMethylSulfide,CSC,0.2,CCSSCC,CETBSQOFQKLHHZ,False
openff,LJSQFQKUNVCTIA-UHFFFAOYSA-N,DiEthylSulfide,CCSCC,0.45454545454545453,CCSSCC,CETBSQOFQKLHHZ,False
openff,WXEHBUMAEPOYKP-UHFFFAOYSA-N,EthylMethylSulfide,CCSC,0.45454545454545453,CCSSCC,CETBSQOFQKLHHZ,False
openff,WQOXQRCZOLPYPM-UHFFFAOYSA-N,DimethylDisulfide,CSSC,0.1875,CSc1ccccc1,HNKJADCVZUBCPG,False
openff,ZFRKQXVRDFCRJG-UHFFFAOYSA-N,3-methyl-indole,Cc1c[nH]c2ccccc12,0.43478260869565216,Cc1ccc(C)c2ccccc12,APQSQLNWAIULLK,False
openff,PAYRUJLWNCNPSJ-UHFFFAOYSA-N,Aniline,Nc1ccccc1,0.4117647058823529,Nc1ccc(Cl)cc1,QSNSCYSYFYORTR,True
openff,RAXXELZNTBOGNW-UHFFFAOYSA-N,Imidazole,c1c[nH]cn1,0.21739130434782608,Cn1ccnc1,MCTWTZJPVLRJOU,True
openff,KAESVJOAVNADME-UHFFFAOYSA-N,Pyrrole,c1cc[nH]c1,0.2,Cn1cccc1,OXHNLMTVIGZXSG,True
openff,JUJWROOIHBZHMG-UHFFFAOYSA-N,pyridine,c1ccncc1,0.3,Cc1cccnc1,ITQTTZVARXURQS,True
gbn2,LVZWSLJZHVFIQJ-UHFFFAOYSA-N,Cyclopropane,C1CC1,0.3333333333333333,C1CCOCC1,DHXVGJBLRPWPCS,False
gbn2,RGSFGYAAUTVSQA-UHFFFAOYSA-N,Cyclopentane,C1CCCC1,0.3333333333333333,C1CCOCC1,DHXVGJBLRPWPCS,False
gbn2,XDTMQSROBMDMFD-UHFFFAOYSA-N,Cyclohexane,C1CCCCC1,0.3333333333333333,C1CCOCC1,DHXVGJBLRPWPCS,False
gbn2,DMEGYFMYUHOHGS-UHFFFAOYSA-N,Cycloheptane,C1CCCCCC1,0.3333333333333333,C1CCOCC1,DHXVGJBLRPWPCS,False
gbn2,NNPPMTNAJDCUHE-UHFFFAOYSA-N,Isobutane,CC(C)C,0.5,CC(C)Cl,ULYZAYCEDJDHCC,False
gbn2,CRSOQBOWXPBRES-UHFFFAOYSA-N,NeoPentane,CC(C)(C)C,0.42857142857142855,CC(C)(C)Cl,NBRKLOOSMBRFMH,False
gbn2,VNWKTOKETHGBQD-UHFFFAOYSA-N,Methane,C,0.0,COc1ccccc1OC,ABDKAPXRBAPSQN,False
gbn2,OTMSDBZUPAUEDD-UHFFFAOYSA-N,Ethane,CC,0.25,CBr,GZUXJHMPEANEGY,False
gbn2,ATUOYWHBWRKTHZ-UHFFFAOYSA-N,Propane,CCC,0.42857142857142855,CCCl,HRYZWHHZPQKTII,False
gbn2,IJDNQMDRQITEOD-UHFFFAOYSA-N,Butane,CCCC,0.4444444444444444,CCCCCCCCC,BKIMMITUMNQMOS,False
gbn2,OFBQJSOFQDEBGM-UHFFFAOYSA-N,Pentane,CCCCC,0.6666666666666666,CCCCCCCCC,BKIMMITUMNQMOS,False
gbn2,VLKZOEOYAKHREP-UHFFFAOYSA-N,Hexane,CCCCCC,0.875,CCCCCCCCC,BKIMMITUMNQMOS,False
gbn2,TVMXDCGIABBOFY-UHFFFAOYSA-N,Octane,CCCCCCCC,1.0,CCCCCCCCC,BKIMMITUMNQMOS,False
gbn2,VGGSQFUCUMXWEO-UHFFFAOYSA-N,Ethene,C=C,0.25,C=O,WSFSSNUMVMOOMR,False
gbn2,QQONPFPTGQHPMA-UHFFFAOYSA-N,Propene,C=CC,0.36363636363636365,C=CC(C)C,YHQXBTXEYZIYOV,False
gbn2,KAKZBPTYRLMSJV-UHFFFAOYSA-N,Buta-13-diene,C=CC=C,0.375,C=CCl,BZHJMEDXRYGGRV,False
gbn2,VXNZUUAINFGPBY-UHFFFAOYSA-N,But-1-ene,C=CCC,0.4375,C=CCCCC,LIKMAJRDDDTEIG,False
gbn2,YWAKXRMUMFPDSH-UHFFFAOYSA-N,pent-1-ene,C=CCCC,0.625,C=CCCCC,LIKMAJRDDDTEIG,False
gbn2,BAVYZALUXZFZLV-UHFFFAOYSA-N,methylamine,CN,0.25,NN,OAKJQQAXSVQMHS,False
gbn2,ROSDSFDQCJNGOL-UHFFFAOYSA-N,dimethylamine,CNC,0.2,CNc1ccccc1,AFBPFSWMIHJQDM,False
gbn2,GETQZCLCWQTVFV-UHFFFAOYSA-N,trimethylamine,CN(C)C,0.3,CN(C)C=O,ZMXDDKWLCZADIW,False
gbn2,HQABUPZFAYXKJW-UHFFFAOYSA-N,butanamine,CCCCN,0.7692307692307693,CCCCCN,DPBLXKKOBLCELK,False
gbn2,QUSNBJAOOMFDIB-UHFFFAOYSA-N,ethylamine,CCN,0.5555555555555556,CCCN,WGYKZJWCGVVSQN,False
gbn2,LCGLNKUTAGEVQW-UHFFFAOYSA-N,DiMethylEther,COC,0.3333333333333333,COC(C)(C)C,BZLVMXJERCGZMT,False
gbn2,RTZKZFJDLAIYFH-UHFFFAOYSA-N,DiethylEther,CCOCC,0.6363636363636364,CCOCCOCC,LZDKZFUFMNSQCJ,False
gbn2,XTHFKEDIFFGKHM-UHFFFAOYSA-N,DiMethoxyEthane,COCCOC,0.5384615384615384,COCCN,ASUDFOJKTJLAIK,False
gbn2,VNKYTQGIUYNRMY-UHFFFAOYSA-N,MethylPropylEther,CCCOC,0.5,CCCOCCC,POLCUAVZOMRGSN,False
gbn2,IKHGUXGNUITLKF-UHFFFAOYSA-N,acetaldehyde,CC=O,0.4166666666666667,C/C=C/C=O,MLUCVPSAIODCQM,False
gbn2,NBBJYMSMWIIQGU-UHFFFAOYSA-N,propionaldehyde,CCC=O,0.4375,CCCCC=O,HGBOYTHUEUWSSQ,False
gbn2,ZTQSAGDEMFDKMZ-UHFFFAOYSA-N,buytyraldehyde,CCCC=O,0.625,CCCCC=O,HGBOYTHUEUWSSQ,False
gbn2,CSCPPACGZOOCGX-UHFFFAOYSA-N,Acetone,CC(C)=O,0.45454545454545453,COC(C)=O,KXKVLQRXCPHEJC,False
gbn2,ZWEHNKRNPOVVGH-UHFFFAOYSA-N,2-Butanone,CCC(C)=O,0.4444444444444444,CCCCCC(C)=O,CATSNJVOTSVZJV,False
gbn2,XNLICIUVMPYHGG-UHFFFAOYSA-N,2-Pentanone,CCCC(C)=O,0.6111111111111112,CCCCCC(C)=O,CATSNJVOTSVZJV,False
gbn2,FDPIMTJIUBPUKL-UHFFFAOYSA-N,3-Pentanone,CCC(=O)CC,0.4666666666666667,CCCC(=O)CCC,HCFAJYNVAYBARA,False
gbn2,QQZOPKMRPOGIEB-UHFFFAOYSA-N,hexa2none,CCCCC(C)=O,0.8235294117647058,CCCCCC(C)=O,CATSNJVOTSVZJV,False
gbn2,QTBSBXVTEAMEQO-UHFFFAOYSA-N,AceticAcid,CC(=O)O,0.4166666666666667,COC(C)=O,KXKVLQRXCPHEJC,False
gbn2,XBDQKXXYIPTUBI-UHFFFAOYSA-N,propionicacid,CCC(=O)O,0.47058823529411764,CCCCC(=O)O,NQPDZGIKBAWPEJ,False
gbn2,FERIUCNNQQJTOY-UHFFFAOYSA-N,butyricacid,CCCC(=O)O,0.6470588235294118,CCCCC(=O)O,NQPDZGIKBAWPEJ,False
gbn2,UHOVQNZJYSORNB-UHFFFAOYSA-N,Benzene,c1ccccc1,0.2727272727272727,Clc1ccccc1,MVPPADPHJFYWMZ,True
gbn2,UFWIBTONFRDIAS-UHFFFAOYSA-N,Napthalene,c1ccc2ccccc2c1,0.47058823529411764,Nc1ccc2ccccc2c1,JBIJLHTVPXGSAM,True
gbn2,MWPLVEDNUUSJAV-UHFFFAOYSA-N,Anthracene,c1ccc2cc3ccccc3cc2c1,0.6,Cc1cc2ccccc2cc1C,WWGUMAYGTYQSGA,False
gbn2,IFLREYGFSNHWGE-UHFFFAOYSA-N,tetracene,c1ccc2cc3cc4ccccc4cc3cc2c1,0.5625,Cc1cc2ccccc2cc1C,WWGUMAYGTYQSGA,False
gbn2,BBEAQIROQSPTKN-UHFFFAOYSA-N,pyrene,c1cc2ccc3cccc4ccc(c1)c2c34,0.5,c1cc2c3c(cccc3c1)CC2,CWRYPZZKDGJXCA,False
gbn2,YNPNZTXNASCQKK-UHFFFAOYSA-N,phenanthrene,c1ccc2c(c1)ccc1ccccc12,0.5263157894736842,Oc1cccc2ccccc12,KJCVRFUGPWSIIH,False
gbn2,ZUOUZKKEUPVFJK-UHFFFAOYSA-N,Biphenyl,c1ccc(-c2ccccc2)cc1,0.4444444444444444,Clc1ccccc1-c1ccccc1,LAXBNTIAOJWAOP,True
gbn2,YXFVVABEGXRONW-UHFFFAOYSA-N,Toluene,Cc1ccccc1,0.5833333333333334,Cc1ccc(C)cc1,URLKBWYHVLBVBO,True
gbn2,ISWSIDIOOBJBQZ-UHFFFAOYSA-N,Phenol,Oc1ccccc1,0.4117647058823529,Oc1ccc(Br)cc1,GZFGOTFRPZRKDS,True
gbn2,IWDCLRJOBJJRNH-UHFFFAOYSA-N,p-cresol,Cc1ccc(O)cc1,0.6153846153846154,Cc1ccc(C)cc1,URLKBWYHVLBVBO,True
gbn2,RLSSMJSEOOYNOY-UHFFFAOYSA-N,m-cresol,Cc1cccc(O)c1,0.6111111111111112,Cc1cccc(C)c1,IVSZLXZYQVIEFR,True
gbn2,QWVGKYWNOKOFNN-UHFFFAOYSA-N,o-cresol,Cc1ccccc1O,0.6,Cc1cccc(O)c1C,QWBBPBRQALCEIZ,True
gbn2,XLYOFNOQVPJJNP-UHFFFAOYSA-N,Water,O,0.16666666666666666,CC#N,WEVYAHXRMPXWCK,False
gbn2,OKKJLVBELUTLKV-UHFFFAOYSA-N,Methanol,CO,0.2857142857142857,C=C(C)C,VQTUBCCKSQIDNK,False
gbn2,LFQSCWFLJHTTHZ-UHFFFAOYSA-N,Ethanol,CCO,0.375,OCCO,LYCAIKOWRPUZTN,False
gbn2,BDERNNFJNOPAEC-UHFFFAOYSA-N,Propanol,CCCO,0.5,CCCCCCCO,BBMCTIGTTCKYKF,False
gbn2,KFZMGEQAYNKOFK-UHFFFAOYSA-N,2-Propanol,CC(C)O,0.4166666666666667,C[C@H](O)C(F)(F)F,GILIYJDBJZWGBG,False
gbn2,LRHPLDYGYMQRHN-UHFFFAOYSA-N,1-Butanol,CCCCO,0.7142857142857143,CCCCCCCO,BBMCTIGTTCKYKF,False
gbn2,BTANRVKWQNVYAZ-UHFFFAOYSA-N,2-Butanol,CCC(C)O,0.5333333333333333,CC[C@@H](O)C(C)C,ISTJMQSHILQAEC,False
gbn2,DKGAVHZHDRPRBM-UHFFFAOYSA-N,2-Methyl-2-Propanol,CC(C)(C)O,0.35714285714285715,CCCC(C)(C)O,WFRBDWRZVBPBDO,False
gbn2,AMQJEAYHLZJPGS-UHFFFAOYSA-N,1-Pentanol,CCCCCO,0.9230769230769231,CCCCCCCO,BBMCTIGTTCKYKF,False
gbn2,MSXVEPNJUHWQHW-UHFFFAOYSA-N,2-Methyl-2-Butanol,CCC(C)(C)O,0.5333333333333333,CCCC(C)(C)O,WFRBDWRZVBPBDO,False
gbn2,JYVLIDXNZAXMDK-UHFFFAOYSA-N,2-Pentanol,CCCC(C)O,0.5,CCCC(C)C,AFABGHUZZDYHJO,False
gbn2,AQIXEPGDORPWBJ-UHFFFAOYSA-N,3-Pentanol,CCC(O)CC,0.6,CCC[C@@H](O)CC,ZOCHHNOQQHDWHG,False
gbn2,HPXRVTGHNJAIIH-UHFFFAOYSA-N,Cyclohexanol,OC1CCCCC1,1.0,OC1CCCCCC1,QCRFMSUKWRQZEM,False
gbn2,KBPLFHHGFOOTCA-UHFFFAOYSA-N,Octanol,CCCCCCCCO,1.0,CCCCCCCO,BBMCTIGTTCKYKF,False
gbn2,XEKOWRVHYACXOJ-UHFFFAOYSA-N,EthylAcetate,CCOC(C)=O,0.5882352941176471,CC(=O)OCCOC(C)=O,JTXMVXSTHSMVQF,False
gbn2,RJUFJBKOKNCXHH-UHFFFAOYSA-N,MethylPropionate,CCC(=O)OC,0.5789473684210527,CCCC(=O)OC,UUIQMZJEGPQKFD,False
gbn2,YKYONYBAUNKHLG-UHFFFAOYSA-N,PropylAcetate,CCCOC(C)=O,0.7058823529411765,CC(=O)OCCOC(C)=O,JTXMVXSTHSMVQF,False
gbn2,DKPFZGUDAPQIHT-UHFFFAOYSA-N,ButylAcetate,CCCCOC(C)=O,0.85,CCCCCOC(C)=O,PGMYKACGEOXYJE,False
gbn2,DLFVBJFMPXGRIB-UHFFFAOYSA-N,Acetamide,CC(N)=O,0.38461538461538464,COC(C)=O,KXKVLQRXCPHEJC,False
gbn2,OHLUUHNLEMFGTQ-UHFFFAOYSA-N,N-Methylacetamide,CNC(C)=O,0.42857142857142855,COC(C)=O,KXKVLQRXCPHEJC,False
gbn2,FXHOOIRPVKKKFG-UHFFFAOYSA-N,DiMethylAcetamide,CC(=O)N(C)C,0.3333333333333333,COC(C)=O,KXKVLQRXCPHEJC,False
gbn2,QLNJFJADRCOGBJ-UHFFFAOYSA-N,propionamide,CCC(N)=O,0.5,CCCCCC(N)=O,ALBYIUDWACNRRB,False
gbn2,LSDPWZHWYPCBBB-UHFFFAOYSA-N,MethaneThiol,CS,0.2,CBr,GZUXJHMPEANEGY,False
gbn2,DNJIEGIFACGWOD-UHFFFAOYSA-N,EthaneThiol,CCS,0.3333333333333333,CCCl,HRYZWHHZPQKTII,False
gbn2,SUVIGLJNEAMWEG-UHFFFAOYSA-N,Propanethiol,CCCS,0.3333333333333333,CCCCCCCCC,BKIMMITUMNQMOS,False
gbn2,WQAQPCDUOCURKW-UHFFFAOYSA-N,1-Butanethiol,CCCCS,0.46153846153846156,CCCCCCCCC,BKIMMITUMNQMOS,False
gbn2,QMMFVYPAHWMCMS-UHFFFAOYSA-N,DiMethylSulfide,CSC,0.2,CCSSCC,CETBSQOFQKLHHZ,False
gbn2,LJSQFQKUNVCTIA-UHFFFAOYSA-N,DiEthylSulfide,CCSCC,0.45454545454545453,CCSSCC,CETBSQOFQKLHHZ,False
gbn2,WXEHBUMAEPOYKP-UHFFFAOYSA-N,EthylMethylSulfide,CCSC,0.45454545454545453,CCSSCC,CETBSQOFQKLHHZ,False
gbn2,WQOXQRCZOLPYPM-UHFFFAOYSA-N,DimethylDisulfide,CSSC,0.1875,CSc1ccccc1,HNKJADCVZUBCPG,False
gbn2,ZFRKQXVRDFCRJG-UHFFFAOYSA-N,3-methyl-indole,Cc1c[nH]c2ccccc12,0.43478260869565216,Cc1ccc(C)c2ccccc12,APQSQLNWAIULLK,False
gbn2,PAYRUJLWNCNPSJ-UHFFFAOYSA-N,Aniline,Nc1ccccc1,0.4117647058823529,Nc1ccc(Cl)cc1,QSNSCYSYFYORTR,True
gbn2,RAXXELZNTBOGNW-UHFFFAOYSA-N,Imidazole,c1c[nH]cn1,0.21739130434782608,Cn1ccnc1,MCTWTZJPVLRJOU,True
gbn2,KAESVJOAVNADME-UHFFFAOYSA-N,Pyrrole,c1cc[nH]c1,0.2,Cn1cccc1,OXHNLMTVIGZXSG,True
gbn2,JUJWROOIHBZHMG-UHFFFAOYSA-N,pyridine,c1ccncc1,0.3,Cc1cccnc1,ITQTTZVARXURQS,True
molsolv_smd,LVZWSLJZHVFIQJ-UHFFFAOYSA-N,Cyclopropane,C1CC1,1.0,C1CCC1,PMPVIKIVABFJJI,False
molsolv_smd,RGSFGYAAUTVSQA-UHFFFAOYSA-N,Cyclopentane,C1CCCC1,1.0,C1CCC1,PMPVIKIVABFJJI,False
molsolv_smd,XDTMQSROBMDMFD-UHFFFAOYSA-N,Cyclohexane,C1CCCCC1,1.0,C1CCC1,PMPVIKIVABFJJI,False
molsolv_smd,DMEGYFMYUHOHGS-UHFFFAOYSA-N,Cycloheptane,C1CCCCCC1,1.0,C1CCC1,PMPVIKIVABFJJI,False
molsolv_smd,NNPPMTNAJDCUHE-UHFFFAOYSA-N,Isobutane,CC(C)C,0.5,CC(C)C(C)C,ZFFMLCVRJBZUDZ,False
molsolv_smd,CRSOQBOWXPBRES-UHFFFAOYSA-N,NeoPentane,CC(C)(C)C,0.42857142857142855,CC(C)(C)Cl,NBRKLOOSMBRFMH,False
molsolv_smd,VNWKTOKETHGBQD-UHFFFAOYSA-N,Methane,C,0.16666666666666666,CC(C)S,KJRCEJOSASVSRA,False
molsolv_smd,OTMSDBZUPAUEDD-UHFFFAOYSA-N,Ethane,CC,0.25,CCl,NEHMKBQYUWJMIP,False
molsolv_smd,ATUOYWHBWRKTHZ-UHFFFAOYSA-N,Propane,CCC,0.42857142857142855,CCCl,HRYZWHHZPQKTII,False
molsolv_smd,IJDNQMDRQITEOD-UHFFFAOYSA-N,Butane,CCCC,0.4444444444444444,CCCCl,SNMVRZFUUCLYTO,False
molsolv_smd,OFBQJSOFQDEBGM-UHFFFAOYSA-N,Pentane,CCCCC,0.5,CCCCCl,VFWCMGCRMGJXDK,False
molsolv_smd,VLKZOEOYAKHREP-UHFFFAOYSA-N,Hexane,CCCCCC,0.5833333333333334,CCCCCCl,SQCZQTSHSZLZIQ,False
molsolv_smd,TVMXDCGIABBOFY-UHFFFAOYSA-N,Octane,CCCCCCCC,0.6153846153846154,CCCCCCCl,MLRVZFYXUZQSRU,False
molsolv_smd,VGGSQFUCUMXWEO-UHFFFAOYSA-N,Ethene,C=C,0.25,C=N,WDWDWGRYHDPSDS,False
molsolv_smd,QQONPFPTGQHPMA-UHFFFAOYSA-N,Propene,C=CC,0.4166666666666667,C=CC(=CC)C(C=C)=CC,QOQCGZWRWIVPSR,False
molsolv_smd,KAKZBPTYRLMSJV-UHFFFAOYSA-N,Buta-13-diene,C=CC=C,0.5,C=CC=CC=C,AFVDZBIIBXWASR,False
molsolv_smd,VXNZUUAINFGPBY-UHFFFAOYSA-N,But-1-ene,C=CCC,0.5,C=CCC=CCC,FMAMSYPJXSEYSW,False
molsolv_smd,YWAKXRMUMFPDSH-UHFFFAOYSA-N,pent-1-ene,C=CCCC,0.625,C=CCCCC,LIKMAJRDDDTEIG,False
molsolv_smd,BAVYZALUXZFZLV-UHFFFAOYSA-N,methylamine,CN,0.2857142857142857,CC(C)(C)N,YBRBMKDOPFTVDT,False
molsolv_smd,ROSDSFDQCJNGOL-UHFFFAOYSA-N,dimethylamine,CNC,0.5,CNNC,DIIIISSCIXVANO,False
molsolv_smd,GETQZCLCWQTVFV-UHFFFAOYSA-N,trimethylamine,CN(C)C,0.5,CN(C)N(C)C,DHBZRQXIRAEMRO,False
molsolv_smd,HQABUPZFAYXKJW-UHFFFAOYSA-N,butanamine,CCCCN,0.7692307692307693,CCCCCN,DPBLXKKOBLCELK,False
molsolv_smd,QUSNBJAOOMFDIB-UHFFFAOYSA-N,ethylamine,CCN,0.5555555555555556,CCCN,WGYKZJWCGVVSQN,False
molsolv_smd,LCGLNKUTAGEVQW-UHFFFAOYSA-N,DiMethylEther,COC,0.5,COOC,SRXOCFMDUSFFAK,False
molsolv_smd,RTZKZFJDLAIYFH-UHFFFAOYSA-N,DiethylEther,CCOCC,0.5384615384615384,CCCOCC,NVJUHMXYKCUMQA,False
molsolv_smd,XTHFKEDIFFGKHM-UHFFFAOYSA-N,DiMethoxyEthane,COCCOC,0.6153846153846154,COCCOCl,DJXNJUFKKAVDME,False
molsolv_smd,VNKYTQGIUYNRMY-UHFFFAOYSA-N,MethylPropylEther,CCCOC,0.6,CCCCOC,CXBDYQVECUFKRK,False
molsolv_smd,IKHGUXGNUITLKF-UHFFFAOYSA-N,acetaldehyde,CC=O,0.4166666666666667,CC=CC=O,MLUCVPSAIODCQM,False
molsolv_smd,NBBJYMSMWIIQGU-UHFFFAOYSA-N,propionaldehyde,CCC=O,0.5,CCC=CCC=O,GXANMBISFKBPEX,False
molsolv_smd,ZTQSAGDEMFDKMZ-UHFFFAOYSA-N,buytyraldehyde,CCCC=O,0.625,CCCCC=O,HGBOYTHUEUWSSQ,False
molsolv_smd,CSCPPACGZOOCGX-UHFFFAOYSA-N,Acetone,CC(C)=O,0.625,CC(=O)C(C)=O,QSJXEFYPDANLFS,False
molsolv_smd,ZWEHNKRNPOVVGH-UHFFFAOYSA-N,2-Butanone,CCC(C)=O,0.5625,CCC(=O)CC(C)=O,NDOGLIPWGGRQCO,False
molsolv_smd,XNLICIUVMPYHGG-UHFFFAOYSA-N,2-Pentanone,CCCC(C)=O,0.6428571428571429,CC(=O)CCC(C)=O,OJVAMHKKJGICOG,False
molsolv_smd,FDPIMTJIUBPUKL-UHFFFAOYSA-N,3-Pentanone,CCC(=O)CC,0.6428571428571429,CCC(=O)CO,GFAZHVHNLUBROE,False
molsolv_smd,QQZOPKMRPOGIEB-UHFFFAOYSA-N,hexa2none,CCCCC(C)=O,0.5789473684210527,CC(=O)CCCO,JSHPTIGHEWEXRW,False
molsolv_smd,QTBSBXVTEAMEQO-UHFFFAOYSA-N,AceticAcid,CC(=O)O,0.6,CC(=O)C(=O)O,LCTONWCANYUPML,False
molsolv_smd,XBDQKXXYIPTUBI-UHFFFAOYSA-N,propionicacid,CCC(=O)O,0.5625,CCC(=O)CC(=O)O,FHSUFDYFOHSYHI,False
molsolv_smd,FERIUCNNQQJTOY-UHFFFAOYSA-N,butyricacid,CCCC(=O)O,0.6470588235294118,CCCCC(=O)O,NQPDZGIKBAWPEJ,False
molsolv_smd,UHOVQNZJYSORNB-UHFFFAOYSA-N,Benzene,c1ccccc1,0.3,c1cccc2ccc-2cc1,FPEVLUDJYTXDPD,False
molsolv_smd,UFWIBTONFRDIAS-UHFFFAOYSA-N,Napthalene,c1ccc2ccccc2c1,0.5833333333333334,c1ccc2ccc3ccc(c1)c23,UAOKSEHHTKPQAR,False
molsolv_smd,MWPLVEDNUUSJAV-UHFFFAOYSA-N,Anthracene,c1ccc2cc3ccccc3cc2c1,0.6666666666666666,O=c1c2ccccc1cc1ccccc1c2,XGUIKGUEWSTRQY,False
molsolv_smd,IFLREYGFSNHWGE-UHFFFAOYSA-N,tetracene,c1ccc2cc3cc4ccccc4cc3cc2c1,0.6470588235294118,c1ccc2cc3cc4cscc4cc3cc2c1,IZJIQLPALMMUNB,False
molsolv_smd,BBEAQIROQSPTKN-UHFFFAOYSA-N,pyrene,c1cc2ccc3cccc4ccc(c1)c2c34,0.6923076923076923,c1ccc2ccc3ccc(c1)c23,UAOKSEHHTKPQAR,False
molsolv_smd,YNPNZTXNASCQKK-UHFFFAOYSA-N,phenanthrene,c1ccc2c(c1)ccc1ccccc12,0.6470588235294118,O=c1c(=O)c2ccccc2ccc2ccccc12,LIUZFMZYBVWPQN,False
molsolv_smd,ZUOUZKKEUPVFJK-UHFFFAOYSA-N,Biphenyl,c1ccc(-c2ccccc2)cc1,0.9,c1cccc2ccc-2cc1,FPEVLUDJYTXDPD,False
molsolv_smd,YXFVVABEGXRONW-UHFFFAOYSA-N,Toluene,Cc1ccccc1,0.5833333333333334,Cc1ccc(C)cc1,URLKBWYHVLBVBO,True
molsolv_smd,ISWSIDIOOBJBQZ-UHFFFAOYSA-N,Phenol,Oc1ccccc1,0.5833333333333334,Oc1ccc(O)cc1,QIGBRXMKCJKVMJ,True
molsolv_smd,IWDCLRJOBJJRNH-UHFFFAOYSA-N,p-cresol,Cc1ccc(O)cc1,0.6842105263157895,Cc1ccc(C=Cc2ccc(O)cc2)cc1,WFYJMFZHHRHKKR,False
molsolv_smd,RLSSMJSEOOYNOY-UHFFFAOYSA-N,m-cresol,Cc1cccc(O)c1,0.6111111111111112,Cc1cccc(C)c1,IVSZLXZYQVIEFR,True
molsolv_smd,QWVGKYWNOKOFNN-UHFFFAOYSA-N,o-cresol,Cc1ccccc1O,0.6190476190476191,Cc1cccc(O)c1N,FEDLEBCVFZMHBP,True
molsolv_smd,XLYOFNOQVPJJNP-UHFFFAOYSA-N,Water,O,0.2,N#CC#N,JMANVNJQNLATNU,False
molsolv_smd,OKKJLVBELUTLKV-UHFFFAOYSA-N,Methanol,CO,0.3333333333333333,CC(C)=C(C)C,WGLLSSPDPJPLOR,False
molsolv_smd,LFQSCWFLJHTTHZ-UHFFFAOYSA-N,Ethanol,CCO,0.42857142857142855,OCO,CKFGINPQOCXMAZ,False
molsolv_smd,BDERNNFJNOPAEC-UHFFFAOYSA-N,Propanol,CCCO,0.4444444444444444,OCCO,LYCAIKOWRPUZTN,False
molsolv_smd,KFZMGEQAYNKOFK-UHFFFAOYSA-N,2-Propanol,CC(C)O,0.7142857142857143,CC(O)O,AZHSSKPUVBVXLK,False
molsolv_smd,LRHPLDYGYMQRHN-UHFFFAOYSA-N,1-Butanol,CCCCO,0.5,OCCCCO,WERYXYBDKMZEQL,False
molsolv_smd,BTANRVKWQNVYAZ-UHFFFAOYSA-N,2-Butanol,CCC(C)O,0.5833333333333334,CCC(O)O,ULWHHBHJGPPBCO,False
molsolv_smd,DKGAVHZHDRPRBM-UHFFFAOYSA-N,2-Methyl-2-Propanol,CC(C)(C)O,0.7142857142857143,CC(C)(O)O,CIBMHJPPKCXONB,False
molsolv_smd,AMQJEAYHLZJPGS-UHFFFAOYSA-N,1-Pentanol,CCCCCO,0.5833333333333334,OCCCCO,WERYXYBDKMZEQL,False
molsolv_smd,MSXVEPNJUHWQHW-UHFFFAOYSA-N,2-Methyl-2-Butanol,CCC(C)(C)O,0.6666666666666666,CCC(C)(O)O,GZSSFSARCMSPPW,False
molsolv_smd,JYVLIDXNZAXMDK-UHFFFAOYSA-N,2-Pentanol,CCCC(C)O,0.5625,CCCC(O)O,CDQSJQSWAWPGKG,False
molsolv_smd,AQIXEPGDORPWBJ-UHFFFAOYSA-N,3-Pentanol,CCC(O)CC,0.6428571428571429,CCC(O)CF,MPGNSGYTEYWFIS,False
molsolv_smd,HPXRVTGHNJAIIH-UHFFFAOYSA-N,Cyclohexanol,OC1CCCCC1,1.0,OC1CCCCCC1,QCRFMSUKWRQZEM,False
molsolv_smd,KBPLFHHGFOOTCA-UHFFFAOYSA-N,Octanol,CCCCCCCCO,0.5384615384615384,OCCCCO,WERYXYBDKMZEQL,False
molsolv_smd,XEKOWRVHYACXOJ-UHFFFAOYSA-N,EthylAcetate,CCOC(C)=O,0.5882352941176471,CCOC(=O)OCC,OIFBSDVPJOWBCH,False
molsolv_smd,RJUFJBKOKNCXHH-UHFFFAOYSA-N,MethylPropionate,CCC(=O)OC,0.5789473684210527,CCC(=O)OOC,YWTJTYXQYJSKNB,False
molsolv_smd,YKYONYBAUNKHLG-UHFFFAOYSA-N,PropylAcetate,CCCOC(C)=O,0.6,CC(=O)OCCO,HXDLWJWIAHWIKI,False
molsolv_smd,DKPFZGUDAPQIHT-UHFFFAOYSA-N,ButylAcetate,CCCCOC(C)=O,0.6086956521739131,CC(=O)OCCCCl,KPOHQIPNNIMWRL,False
molsolv_smd,DLFVBJFMPXGRIB-UHFFFAOYSA-N,Acetamide,CC(N)=O,0.6363636363636364,CC(=O)C(N)=O,FPOLWERNILTNDK,False
molsolv_smd,OHLUUHNLEMFGTQ-UHFFFAOYSA-N,N-Methylacetamide,CNC(C)=O,0.5384615384615384,CC(=O)NC(C)=O,ZSBDPRIWBYHIAF,False
molsolv_smd,FXHOOIRPVKKKFG-UHFFFAOYSA-N,DiMethylAcetamide,CC(=O)N(C)C,0.6153846153846154,CC(=O)N(C)C(C)=O,ZNQFZPCFVNOXJQ,False
molsolv_smd,QLNJFJADRCOGBJ-UHFFFAOYSA-N,propionamide,CCC(N)=O,0.5625,CCC(=O)C(N)=O,RRMINFSIXCUCNS,False
molsolv_smd,LSDPWZHWYPCBBB-UHFFFAOYSA-N,MethaneThiol,CS,0.2857142857142857,CC(C)(C)S,WMXCDAVJEZZYLT,False
molsolv_smd,DNJIEGIFACGWOD-UHFFFAOYSA-N,EthaneThiol,CCS,0.42857142857142855,SCS,INBDPOJZYZJUDA,False
molsolv_smd,SUVIGLJNEAMWEG-UHFFFAOYSA-N,Propanethiol,CCCS,0.5384615384615384,CCCCCS,ZRKMQKLGEQPLNS,False
molsolv_smd,WQAQPCDUOCURKW-UHFFFAOYSA-N,1-Butanethiol,CCCCS,0.7692307692307693,CCCCCS,ZRKMQKLGEQPLNS,False
molsolv_smd,QMMFVYPAHWMCMS-UHFFFAOYSA-N,DiMethylSulfide,CSC,0.42857142857142855,CSCl,DDCYYCUMAFYDDU,False
molsolv_smd,LJSQFQKUNVCTIA-UHFFFAOYSA-N,DiEthylSulfide,CCSCC,0.5384615384615384,CCCSCC,ZDDDFDQTSXYYSE,False
molsolv_smd,WXEHBUMAEPOYKP-UHFFFAOYSA-N,EthylMethylSulfide,CCSC,0.5,CCSCSC,MZEQTJYSLGYJBH,False
molsolv_smd,WQOXQRCZOLPYPM-UHFFFAOYSA-N,DimethylDisulfide,CSSC,0.5,CSSSC,YWHLKYXPLRWGSE,False
molsolv_smd,ZFRKQXVRDFCRJG-UHFFFAOYSA-N,3-methyl-indole,Cc1c[nH]c2ccccc12,0.6923076923076923,Cc1c[nH]c2ccccc2c1=O,MEBYZSAQFUZJEQ,False
molsolv_smd,PAYRUJLWNCNPSJ-UHFFFAOYSA-N,Aniline,Nc1ccccc1,0.5833333333333334,Nc1ccc(N)cc1,CBCKQZAAMUWICA,True
molsolv_smd,RAXXELZNTBOGNW-UHFFFAOYSA-N,Imidazole,c1c[nH]cn1,0.30434782608695654,S=c1cncc[nH]1,HKAVADYDPYUPRD,False
molsolv_smd,KAESVJOAVNADME-UHFFFAOYSA-N,Pyrrole,c1cc[nH]c1,0.38461538461538464,c1cc[nH][nH][nH]c1,DEJPARDMXWDTOS,False
molsolv_smd,JUJWROOIHBZHMG-UHFFFAOYSA-N,pyridine,c1ccncc1,0.5,c1cnccn1,KYQCOXFCLRTKLS,False
confsolv,LVZWSLJZHVFIQJ-UHFFFAOYSA-N,Cyclopropane,C1CC1,1.0,C1CCCCCCCCC1,LMGZGXSXHCMSAA,False
confsolv,RGSFGYAAUTVSQA-UHFFFAOYSA-N,Cyclopentane,C1CCCC1,1.0,C1CCCCCCCCC1,LMGZGXSXHCMSAA,False
confsolv,XDTMQSROBMDMFD-UHFFFAOYSA-N,Cyclohexane,C1CCCCC1,1.0,C1CCCCCCCCC1,LMGZGXSXHCMSAA,False
confsolv,DMEGYFMYUHOHGS-UHFFFAOYSA-N,Cycloheptane,C1CCCCCC1,1.0,C1CCCCCCCCC1,LMGZGXSXHCMSAA,False
confsolv,NNPPMTNAJDCUHE-UHFFFAOYSA-N,Isobutane,CC(C)C,0.5,CC(C)Cl,ULYZAYCEDJDHCC,False
confsolv,CRSOQBOWXPBRES-UHFFFAOYSA-N,NeoPentane,CC(C)(C)C,0.42857142857142855,CC(C)(C)I,ANGGPYSFTXVERY,False
confsolv,VNWKTOKETHGBQD-UHFFFAOYSA-N,Methane,C,0.058823529411764705,C.C.C.C.CC1CCC(CC2CCC(C)CC2)CC1.CC1CCC(CC2CCC(CC3CCC(C)CC3)CC2)CC1.CC1CCC(CC2CCC(CC3CCC(CC4CCC(C)CC4)CC3)CC2)CC1.I.I.[HH].[HH].[HH],PDXJGLOLVFCVPM,False
confsolv,OTMSDBZUPAUEDD-UHFFFAOYSA-N,Ethane,CC,0.25,CI,INQOMBQAUSQDDS,False
confsolv,ATUOYWHBWRKTHZ-UHFFFAOYSA-N,Propane,CCC,0.42857142857142855,CCCl,HRYZWHHZPQKTII,False
confsolv,IJDNQMDRQITEOD-UHFFFAOYSA-N,Butane,CCCC,0.4444444444444444,CCCCCCCCCCCCCCCCCCCCCCCC,POOSGDOYLQNASK,False
confsolv,OFBQJSOFQDEBGM-UHFFFAOYSA-N,Pentane,CCCCC,0.6666666666666666,CCCCCCCCCCCCCCCCCCCCCCCC,POOSGDOYLQNASK,False
confsolv,VLKZOEOYAKHREP-UHFFFAOYSA-N,Hexane,CCCCCC,0.875,CCCCCCCCCCCCCCCCCCCCCCCC,POOSGDOYLQNASK,False
confsolv,TVMXDCGIABBOFY-UHFFFAOYSA-N,Octane,CCCCCCCC,1.0,CCCCCCCCCCCCCCCCCCCCCCCC,POOSGDOYLQNASK,False
confsolv,VGGSQFUCUMXWEO-UHFFFAOYSA-N,Ethene,C=C,0.25,C=P,HIQXJRBKNONWAH,False
confsolv,QQONPFPTGQHPMA-UHFFFAOYSA-N,Propene,C=CC,0.36363636363636365,C=CB(C)C,BJZRMJYVZYZPMM,False
confsolv,KAKZBPTYRLMSJV-UHFFFAOYSA-N,Buta-13-diene,C=CC=C,0.4444444444444444,C=CC=P,TWBSQLRYTAQHCV,False
confsolv,VXNZUUAINFGPBY-UHFFFAOYSA-N,But-1-ene,C=CCC,0.4166666666666667,C=CCC=C,QYZLKGVUSQXAMU,False
confsolv,YWAKXRMUMFPDSH-UHFFFAOYSA-N,pent-1-ene,C=CCCC,0.5555555555555556,C=CCCCCCCCCCCCCCCCC,CCCMONHAUSKTEQ,False
confsolv,BAVYZALUXZFZLV-UHFFFAOYSA-N,methylamine,CN,0.2857142857142857,CC(C)N,JJWLVOIRVHMVIS,False
confsolv,ROSDSFDQCJNGOL-UHFFFAOYSA-N,dimethylamine,CNC,0.5,CNNC,DIIIISSCIXVANO,False
confsolv,GETQZCLCWQTVFV-UHFFFAOYSA-N,trimethylamine,CN(C)C,0.42857142857142855,CN(C)I,XTMWXULZPRKUTG,False
confsolv,HQABUPZFAYXKJW-UHFFFAOYSA-N,butanamine,CCCCN,0.7142857142857143,CCCCCCCCCCN,MHZGKXUYDGKKIU,False
confsolv,QUSNBJAOOMFDIB-UHFFFAOYSA-N,ethylamine,CCN,0.5555555555555556,CCCN,WGYKZJWCGVVSQN,False
confsolv,LCGLNKUTAGEVQW-UHFFFAOYSA-N,DiMethylEther,COC,0.42857142857142855,[CH2]OC,AFGPRWUFPLEMTF,False
confsolv,RTZKZFJDLAIYFH-UHFFFAOYSA-N,DiethylEther,CCOCC,0.5833333333333334,CCOCCOCCOCC,RRQYJINTUHWNHW,False
confsolv,XTHFKEDIFFGKHM-UHFFFAOYSA-N,DiMethoxyEthane,COCCOC,0.7272727272727273,COCCOCCOCCOC,YFNKIDBQEZZDLK,False
confsolv,VNKYTQGIUYNRMY-UHFFFAOYSA-N,MethylPropylEther,CCCOC,0.4666666666666667,COCCOCCOCCOC,YFNKIDBQEZZDLK,False
confsolv,IKHGUXGNUITLKF-UHFFFAOYSA-N,acetaldehyde,CC=O,0.36363636363636365,COC=O,TZIHFWKZFHZASV,False
confsolv,NBBJYMSMWIIQGU-UHFFFAOYSA-N,propionaldehyde,CCC=O,0.4375,CCC=CC=O,DTCCTIQRPGSLPT,False
confsolv,ZTQSAGDEMFDKMZ-UHFFFAOYSA-N,buytyraldehyde,CCCC=O,0.5555555555555556,CCCCCCCCCCCC=O,HFJRKMMYBMWEAD,False
confsolv,CSCPPACGZOOCGX-UHFFFAOYSA-N,Acetone,CC(C)=O,0.5555555555555556,CC(=O)I,LEKJTGQWLAUGQA,False
confsolv,ZWEHNKRNPOVVGH-UHFFFAOYSA-N,2-Butanone,CCC(C)=O,0.47058823529411764,CCC(C)=C(C)C(C)=O,WRHRFVOAEDXVPC,False
confsolv,XNLICIUVMPYHGG-UHFFFAOYSA-N,2-Pentanone,CCCC(C)=O,0.5789473684210527,CCCCCCCCCC(C)=O,KYWIYKKSMDLRDC,False
confsolv,FDPIMTJIUBPUKL-UHFFFAOYSA-N,3-Pentanone,CCC(=O)CC,0.47368421052631576,CCC(=O)CS(=O)CC,DNGKLEVJLBATLN,False
confsolv,QQZOPKMRPOGIEB-UHFFFAOYSA-N,hexa2none,CCCCC(C)=O,0.7777777777777778,CCCCCCCCCC(C)=O,KYWIYKKSMDLRDC,False
confsolv,QTBSBXVTEAMEQO-UHFFFAOYSA-N,AceticAcid,CC(=O)O,0.875,CC(=O)O.CC(=O)O.CC(=O)O.[Lu],WAENOLHPLZELJY,False
confsolv,XBDQKXXYIPTUBI-UHFFFAOYSA-N,propionicacid,CCC(=O)O,0.45454545454545453,C=CC(=O)OC.CCC(=O)O.[Cu],BIPZUXNIWQSJCB,False
confsolv,FERIUCNNQQJTOY-UHFFFAOYSA-N,butyricacid,CCCC(=O)O,0.6111111111111112,CCCCCC(=O)O,FUZZWVXGSFPDMH,False
confsolv,UHOVQNZJYSORNB-UHFFFAOYSA-N,Benzene,c1ccccc1,0.3333333333333333,c1cccc[pH]ccc1,BMKPSMACCQFEFO,False
confsolv,UFWIBTONFRDIAS-UHFFFAOYSA-N,Napthalene,c1ccc2ccccc2c1,0.47058823529411764,Ic1ccc2ccccc2c1,FRNLBIWVMVNNAZ,True
confsolv,MWPLVEDNUUSJAV-UHFFFAOYSA-N,Anthracene,c1ccc2cc3ccccc3cc2c1,0.5555555555555556,Ic1ccc2cc3ccccc3cc2c1,GIYCMZNPADDAFL,True
confsolv,IFLREYGFSNHWGE-UHFFFAOYSA-N,tetracene,c1ccc2cc3cc4ccccc4cc3cc2c1,0.6111111111111112,Ic1ccc2cc3ccccc3cc2c1,GIYCMZNPADDAFL,False
confsolv,BBEAQIROQSPTKN-UHFFFAOYSA-N,pyrene,c1cc2ccc3cccc4ccc(c1)c2c34,0.6,c1cc2cccc3c4cccc5cccc(c(c1)c23)c54,CSHWQDPOILHKBI,False
confsolv,YNPNZTXNASCQKK-UHFFFAOYSA-N,phenanthrene,c1ccc2c(c1)ccc1ccccc12,0.6,Ic1ccc2ccc3ccccc3c2c1,CFSMQCABZWOORM,True
confsolv,ZUOUZKKEUPVFJK-UHFFFAOYSA-N,Biphenyl,c1ccc(-c2ccccc2)cc1,0.6,Ic1ccc(-c2ccccc2)cc1,NXYICUMSYKIABQ,True
confsolv,YXFVVABEGXRONW-UHFFFAOYSA-N,Toluene,Cc1ccccc1,0.5333333333333333,Cc1cccc(C)c1,IVSZLXZYQVIEFR,True
confsolv,ISWSIDIOOBJBQZ-UHFFFAOYSA-N,Phenol,Oc1ccccc1,0.5263157894736842,Oc1ccc(Cc2ccccc2)cc1,HJSPWKGEPDZNLK,False
confsolv,IWDCLRJOBJJRNH-UHFFFAOYSA-N,p-cresol,Cc1ccc(O)cc1,0.6842105263157895,CC.Cc1ccc(O)cc1.O=CO,HEQYHBOOWKZRHO,True
confsolv,RLSSMJSEOOYNOY-UHFFFAOYSA-N,m-cresol,Cc1cccc(O)c1,0.6111111111111112,Cc1cccc(C)c1,IVSZLXZYQVIEFR,True
confsolv,QWVGKYWNOKOFNN-UHFFFAOYSA-N,o-cresol,Cc1ccccc1O,0.45454545454545453,Cc1ccc(O)c(C)c1,KUFFULVDNCHOFZ,True
confsolv,XLYOFNOQVPJJNP-UHFFFAOYSA-N,Water,O,0.16666666666666666,N#C[SiH3],LCHWKMAWSZDQRD,False
confsolv,OKKJLVBELUTLKV-UHFFFAOYSA-N,Methanol,CO,0.2857142857142857,CC#P,KECHNHGPNWSPDK,False
confsolv,LFQSCWFLJHTTHZ-UHFFFAOYSA-N,Ethanol,CCO,0.38461538461538464,CCP(CO)CO,HDFOIDAYIKWZGX,False
confsolv,BDERNNFJNOPAEC-UHFFFAOYSA-N,Propanol,CCCO,0.5,CCCCCCCCCCCCCCCCCCO,GLDOVTGHNKAZLK,False
confsolv,KFZMGEQAYNKOFK-UHFFFAOYSA-N,2-Propanol,CC(C)O,0.45454545454545453,CC(O)N(C(C)O)C(C)O,UKQXHQKJKZJZLZ,False
confsolv,LRHPLDYGYMQRHN-UHFFFAOYSA-N,1-Butanol,CCCCO,0.7142857142857143,CCCCCCCCCCCCCCCCCCO,GLDOVTGHNKAZLK,False
confsolv,BTANRVKWQNVYAZ-UHFFFAOYSA-N,2-Butanol,CCC(C)O,0.5,C[C@@H](O)CI,PMHHCLXJMNLEIE,False
confsolv,DKGAVHZHDRPRBM-UHFFFAOYSA-N,2-Methyl-2-Propanol,CC(C)(C)O,0.45454545454545453,CC(C)(O)C#CC(C)(C)O,IHJUECRFYCQBMW,False
confsolv,AMQJEAYHLZJPGS-UHFFFAOYSA-N,1-Pentanol,CCCCCO,0.9230769230769231,CCCCCCCCCCCCCCCCCCO,GLDOVTGHNKAZLK,False
confsolv,MSXVEPNJUHWQHW-UHFFFAOYSA-N,2-Methyl-2-Butanol,CCC(C)(C)O,0.5384615384615384,CC(C)(O)CCC(C)(C)O,ZWNMRZQYWRLGMM,False
confsolv,JYVLIDXNZAXMDK-UHFFFAOYSA-N,2-Pentanol,CCCC(C)O,0.5789473684210527,CCCCCCCCCCCC(C)O,HKOLRKVMHVYNGG,False
confsolv,AQIXEPGDORPWBJ-UHFFFAOYSA-N,3-Pentanol,CCC(O)CC,0.6,CCC(O)CI,XATASVWMNXKVMR,False
confsolv,HPXRVTGHNJAIIH-UHFFFAOYSA-N,Cyclohexanol,OC1CCCCC1,0.4117647058823529,OC1CCC(O)C2CCCCC12,FHJSOCHUPDXCJI,False
confsolv,KBPLFHHGFOOTCA-UHFFFAOYSA-N,Octanol,CCCCCCCCO,1.0,CCCCCCCCCCCCCCCCCCO,GLDOVTGHNKAZLK,False
confsolv,XEKOWRVHYACXOJ-UHFFFAOYSA-N,EthylAcetate,CCOC(C)=O,0.5263157894736842,CCOC(=O)CC(=O)OCC,IYXGSMUGOJNHAZ,False
confsolv,RJUFJBKOKNCXHH-UHFFFAOYSA-N,MethylPropionate,CCC(=O)OC,0.5263157894736842,COC(=O)CF,RJBYSQHLLIHSLT,False
confsolv,YKYONYBAUNKHLG-UHFFFAOYSA-N,PropylAcetate,CCCOC(C)=O,0.6363636363636364,CCCCCCOC(C)=O,AOGQPLXWSUTHQB,False
confsolv,DKPFZGUDAPQIHT-UHFFFAOYSA-N,ButylAcetate,CCCCOC(C)=O,0.8095238095238095,CCCCCCOC(C)=O,AOGQPLXWSUTHQB,False
confsolv,DLFVBJFMPXGRIB-UHFFFAOYSA-N,Acetamide,CC(N)=O,0.45454545454545453,CC(=O)I,LEKJTGQWLAUGQA,False
confsolv,OHLUUHNLEMFGTQ-UHFFFAOYSA-N,N-Methylacetamide,CNC(C)=O,0.5,CC(=O)NI,UULXSTDDDXOTIY,False
confsolv,FXHOOIRPVKKKFG-UHFFFAOYSA-N,DiMethylAcetamide,CC(=O)N(C)C,0.5,CN(C)C(=O)Cl,YIIMEMSDCNDGTB,False
confsolv,QLNJFJADRCOGBJ-UHFFFAOYSA-N,propionamide,CCC(N)=O,0.4666666666666667,NC(=O)CF,FVTWJXMFYOXOKK,False
confsolv,LSDPWZHWYPCBBB-UHFFFAOYSA-N,MethaneThiol,CS,0.2857142857142857,CC(C)(I)I,AZUCPFMKPGFGTB,False
confsolv,DNJIEGIFACGWOD-UHFFFAOYSA-N,EthaneThiol,CCS,0.38461538461538464,CCCCCS,ZRKMQKLGEQPLNS,False
confsolv,SUVIGLJNEAMWEG-UHFFFAOYSA-N,Propanethiol,CCCS,0.5384615384615384,CCCCCS,ZRKMQKLGEQPLNS,False
confsolv,WQAQPCDUOCURKW-UHFFFAOYSA-N,1-Butanethiol,CCCCS,0.7692307692307693,CCCCCS,ZRKMQKLGEQPLNS,False
confsolv,QMMFVYPAHWMCMS-UHFFFAOYSA-N,DiMethylSulfide,CSC,0.42857142857142855,CSI,KMLSFWQTQIKPFQ,False
confsolv,LJSQFQKUNVCTIA-UHFFFAOYSA-N,DiEthylSulfide,CCSCC,0.4666666666666667,CCSCCCSCCSCC,ACAPRVBOGFLZJR,False
confsolv,WXEHBUMAEPOYKP-UHFFFAOYSA-N,EthylMethylSulfide,CCSC,0.4666666666666667,CCSCCSC,BKPCLDKCWGHGLQ,False
confsolv,WQOXQRCZOLPYPM-UHFFFAOYSA-N,DimethylDisulfide,CSSC,0.4,CSP(C)SC,LGXBYLPQWNACTH,False
confsolv,ZFRKQXVRDFCRJG-UHFFFAOYSA-N,3-methyl-indole,Cc1c[nH]c2ccccc12,0.5384615384615384,Ic1c[nH]c2ccccc12,FQVDXLYJTMHMCG,True
confsolv,PAYRUJLWNCNPSJ-UHFFFAOYSA-N,Aniline,Nc1ccccc1,0.5263157894736842,Nc1ccc(Nc2ccc(Nc3ccc(Nc4ccc(Nc5ccc(Nc6ccc(Nc7ccc(Nc8ccc(Nc9ccc(Nc%10ccccc%10)cc9)cc8)cc7)cc6)cc5)cc4)cc3)cc2)cc1,FOVDOWDZOKAXDQ,False
confsolv,RAXXELZNTBOGNW-UHFFFAOYSA-N,Imidazole,c1c[nH]cn1,0.26666666666666666,c1cnccn1,KYQCOXFCLRTKLS,False
confsolv,KAESVJOAVNADME-UHFFFAOYSA-N,Pyrrole,c1cc[nH]c1,0.3125,O=c1cc[nH]cc1,GCNTZFIIOFTKIY,False
confsolv,JUJWROOIHBZHMG-UHFFFAOYSA-N,pyridine,c1ccncc1,0.5,c1cnccn1,KYQCOXFCLRTKLS,False
