partition,repeat,method,lambda_subset,mae,rmse,median_absolute_error,fraction_with_absolute_error_below_0p2,n,mae_vs_pimd8
standardized_exclusion_primary,-1,P1-E_actual_integral_affine,0p1_0p5_0p9,1.4453761068529933,1.8003056207324177,1.351887663359648,0.09722222222222222,72,1.4422861214260445
standardized_exclusion_primary,-1,P1-F_generic_posterior_integral_affine,0p1,1.3059359436892422,1.6573905170174683,1.0476194639129064,0.16666666666666666,72,1.2831272737017811
standardized_exclusion_primary,-1,P1-F_solvai_conditioned_posterior_integral_affine,0p1,1.1579142859263665,1.4996777566174297,0.8834715905261823,0.08333333333333333,72,1.1507997970909847
standardized_exclusion_primary,-1,P1-F_generic_posterior_integral_affine,0p5,2.626591342092897,3.1728507937314583,2.222962149064396,0.041666666666666664,72,2.5995525746706094
standardized_exclusion_primary,-1,P1-F_solvai_conditioned_posterior_integral_affine,0p5,1.8400484954660294,2.310006165042954,1.5091117435115686,0.05555555555555555,72,1.8676301043244716
standardized_exclusion_primary,-1,P1-F_generic_posterior_integral_affine,0p9,2.585432909465764,3.171839197647972,1.9704609550488936,0.041666666666666664,72,2.563604107282244
standardized_exclusion_primary,-1,P1-F_solvai_conditioned_posterior_integral_affine,0p9,1.590881165560065,2.1333303734948315,1.308852818073274,0.08333333333333333,72,1.6060043748731891
standardized_exclusion_primary,-1,P1-F_generic_posterior_integral_affine,0p1_0p5,1.7287424392066888,2.129696630110932,1.5808625013269721,0.06944444444444445,72,1.717907682365016
standardized_exclusion_primary,-1,P1-F_solvai_conditioned_posterior_integral_affine,0p1_0p5,1.3645436059924811,1.6803331496715372,1.1605797003098484,0.09722222222222222,72,1.3554128466276394
standardized_exclusion_primary,-1,P1-F_generic_posterior_integral_affine,0p1_0p9,0.9646774164630733,1.2695115132904988,0.7750725742399325,0.16666666666666666,72,0.9813133918882517
standardized_exclusion_primary,-1,P1-F_solvai_conditioned_posterior_integral_affine,0p1_0p9,1.2185862622601948,1.5269918801540072,0.9841980729084693,0.08333333333333333,72,1.2023779682724538
standardized_exclusion_primary,-1,P1-F_generic_posterior_integral_affine,0p5_0p9,2.6292360204055854,3.1620217744204386,2.1960088060261542,0.041666666666666664,72,2.60359296485003
standardized_exclusion_primary,-1,P1-F_solvai_conditioned_posterior_integral_affine,0p5_0p9,1.8037475059077939,2.3228829817302032,1.3626737512695497,0.05555555555555555,72,1.8413606480307831
standardized_exclusion_primary,-1,P1-F_generic_posterior_integral_affine,0p1_0p5_0p9,1.403024865988502,1.751448624845463,1.2746088362176755,0.1111111111111111,72,1.3990769480254055
standardized_exclusion_primary,-1,P1-F_solvai_conditioned_posterior_integral_affine,0p1_0p5_0p9,1.3630326622576239,1.7045651519632943,1.2191864993727122,0.1111111111111111,72,1.376250542947692
standardized_exclusion_repeat,0,P1-E_actual_integral_affine,0p1_0p5_0p9,1.4237763147246554,1.78833601034037,1.257443040026321,0.125,72,1.4640606877416016
standardized_exclusion_repeat,0,P1-F_generic_posterior_integral_affine,0p1,1.2721182511565747,1.6532960561347094,0.9794873609388118,0.125,72,1.280721827198624
standardized_exclusion_repeat,0,P1-F_solvai_conditioned_posterior_integral_affine,0p1,1.1052018615976196,1.4784327289731374,0.726058826297906,0.09722222222222222,72,1.11418412538727
standardized_exclusion_repeat,0,P1-F_generic_posterior_integral_affine,0p5,2.6445949558265403,3.204118670441364,2.331015490337225,0.041666666666666664,72,2.62118245582654
standardized_exclusion_repeat,0,P1-F_solvai_conditioned_posterior_integral_affine,0p5,1.75356893793733,2.1429511097196885,1.5148837477203054,0.06944444444444445,72,1.7873895378544178
standardized_exclusion_repeat,0,P1-F_generic_posterior_integral_affine,0p9,2.616444819827841,3.1978970755398257,2.205016319944928,0.027777777777777776,72,2.6007409457879147
standardized_exclusion_repeat,0,P1-F_solvai_conditioned_posterior_integral_affine,0p9,1.4580871287671935,1.8877519408194945,1.261399161639367,0.125,72,1.4824783661694856
standardized_exclusion_repeat,0,P1-F_generic_posterior_integral_affine,0p1_0p5,1.6829392826036287,2.0873820252467614,1.544227535341114,0.08333333333333333,72,1.6811789940437327
standardized_exclusion_repeat,0,P1-F_solvai_conditioned_posterior_integral_affine,0p1_0p5,1.373147479525116,1.6742967964267597,1.201888194355274,0.06944444444444445,72,1.384755680334092
standardized_exclusion_repeat,0,P1-F_generic_posterior_integral_affine,0p1_0p9,0.9815509355788988,1.276060305871945,0.8227988735856103,0.16666666666666666,72,1.0144951658376022
standardized_exclusion_repeat,0,P1-F_solvai_conditioned_posterior_integral_affine,0p1_0p9,1.1791601077949476,1.491624010322965,1.0529965781515447,0.08333333333333333,72,1.1603136017945397
standardized_exclusion_repeat,0,P1-F_generic_posterior_integral_affine,0p5_0p9,2.623955036184468,3.182156013875588,2.3982172598964713,0.05555555555555555,72,2.6080294781353732
standardized_exclusion_repeat,0,P1-F_solvai_conditioned_posterior_integral_affine,0p5_0p9,1.7178103066713462,2.169601707872062,1.3616369728500015,0.08333333333333333,72,1.777615380034362
standardized_exclusion_repeat,0,P1-F_generic_posterior_integral_affine,0p1_0p5_0p9,1.3738082702645524,1.724900522753277,1.188703349552287,0.06944444444444445,72,1.392880365166717
standardized_exclusion_repeat,0,P1-F_solvai_conditioned_posterior_integral_affine,0p1_0p5_0p9,1.3266191768098876,1.6794238897662923,1.1949894390276903,0.16666666666666666,72,1.3705854613971447
standardized_exclusion_repeat,1,P1-E_actual_integral_affine,0p1_0p5_0p9,1.3929085129392011,1.7368556733331246,1.352888330812274,0.09722222222222222,72,1.406753881008043
standardized_exclusion_repeat,1,P1-F_generic_posterior_integral_affine,0p1,1.2540383584259243,1.6270161365443678,0.8895482030541716,0.1527777777777778,72,1.2496875927480136
standardized_exclusion_repeat,1,P1-F_solvai_conditioned_posterior_integral_affine,0p1,1.0212917838545421,1.377488997161242,0.7404494890828494,0.16666666666666666,72,1.0343472587881823
standardized_exclusion_repeat,1,P1-F_generic_posterior_integral_affine,0p5,2.633644824853141,3.1917406025863913,2.21801155334294,0.041666666666666664,72,2.6095656581864746
standardized_exclusion_repeat,1,P1-F_solvai_conditioned_posterior_integral_affine,0p5,1.7318450849933986,2.1333936477550015,1.5862477127199641,0.08333333333333333,72,1.7647380797260908
standardized_exclusion_repeat,1,P1-F_generic_posterior_integral_affine,0p9,2.610021918270737,3.1908349758163213,1.9314697614491236,0.05555555555555555,72,2.5950066404929593
standardized_exclusion_repeat,1,P1-F_solvai_conditioned_posterior_integral_affine,0p9,1.5239457028874364,1.9787985809105095,1.3033495562783566,0.1111111111111111,72,1.5276244309088536
standardized_exclusion_repeat,1,P1-F_generic_posterior_integral_affine,0p1_0p5,1.659670861210319,2.051390605779903,1.4985218673791423,0.1111111111111111,72,1.6496479185018809
standardized_exclusion_repeat,1,P1-F_solvai_conditioned_posterior_integral_affine,0p1_0p5,1.3011675687293993,1.5783544136570777,1.1438747620670697,0.06944444444444445,72,1.297989368412053
standardized_exclusion_repeat,1,P1-F_generic_posterior_integral_affine,0p1_0p9,0.9642951299238018,1.2669601355254871,0.8160901595054773,0.16666666666666666,72,0.995147215094662
standardized_exclusion_repeat,1,P1-F_solvai_conditioned_posterior_integral_affine,0p1_0p9,1.0988014216162574,1.4185982368392558,0.9147207985207539,0.125,72,1.1084856747994245
standardized_exclusion_repeat,1,P1-F_generic_posterior_integral_affine,0p5_0p9,2.651387340884865,3.2255305259526312,2.3769997002314023,0.08333333333333333,72,2.636192725314033
standardized_exclusion_repeat,1,P1-F_solvai_conditioned_posterior_integral_affine,0p5_0p9,1.7162800118142407,2.1967084799066967,1.40254734391341,0.06944444444444445,72,1.7627048684490652
standardized_exclusion_repeat,1,P1-F_generic_posterior_integral_affine,0p1_0p5_0p9,1.3595599009036567,1.6874204038973601,1.2108803696909987,0.08333333333333333,72,1.366076436323422
standardized_exclusion_repeat,1,P1-F_solvai_conditioned_posterior_integral_affine,0p1_0p5_0p9,1.3033251514278652,1.6117094381699617,1.1923620368020797,0.125,72,1.320074470077054
standardized_exclusion_repeat,2,P1-E_actual_integral_affine,0p1_0p5_0p9,1.453467126118457,1.7906458289200666,1.2298435591424708,0.06944444444444445,72,1.4715218217106458
standardized_exclusion_repeat,2,P1-F_generic_posterior_integral_affine,0p1,1.2823392133735103,1.6671135614462818,0.9486787533173986,0.1527777777777778,72,1.2721248881938922
standardized_exclusion_repeat,2,P1-F_solvai_conditioned_posterior_integral_affine,0p1,1.0818031303290048,1.4499292512833035,0.8000478716681594,0.06944444444444445,72,1.101742108502718
standardized_exclusion_repeat,2,P1-F_generic_posterior_integral_affine,0p5,2.657498782900942,3.20091041742699,2.342002656130994,0.027777777777777776,72,2.6313001717898308
standardized_exclusion_repeat,2,P1-F_solvai_conditioned_posterior_integral_affine,0p5,1.7962463610699058,2.196006497417171,1.5617387364194553,0.041666666666666664,72,1.8262563290819154
standardized_exclusion_repeat,2,P1-F_generic_posterior_integral_affine,0p9,2.6315698587592737,3.197504204320615,2.0601055361260956,0.05555555555555555,72,2.6137684698703847
standardized_exclusion_repeat,2,P1-F_solvai_conditioned_posterior_integral_affine,0p9,1.5022485113590451,2.0001276007646913,1.088992545388727,0.05555555555555555,72,1.5391669190834003
standardized_exclusion_repeat,2,P1-F_generic_posterior_integral_affine,0p1_0p5,1.7102244249714704,2.105148036322299,1.6616324556185185,0.1111111111111111,72,1.7033029329493563
standardized_exclusion_repeat,2,P1-F_solvai_conditioned_posterior_integral_affine,0p1_0p5,1.361676588562825,1.6626096502660053,1.3301212139469532,0.08333333333333333,72,1.3720296165717631
standardized_exclusion_repeat,2,P1-F_generic_posterior_integral_affine,0p1_0p9,0.9782091206030602,1.2897107886344952,0.8454485839227234,0.1527777777777778,72,0.9970870947895336
standardized_exclusion_repeat,2,P1-F_solvai_conditioned_posterior_integral_affine,0p1_0p9,1.1565646588374934,1.4806743035611103,1.0432254676526238,0.1388888888888889,72,1.151547978289586
standardized_exclusion_repeat,2,P1-F_generic_posterior_integral_affine,0p5_0p9,2.66255129781735,3.191374955764023,2.3170272940799785,0.027777777777777776,72,2.6369741981790895
standardized_exclusion_repeat,2,P1-F_solvai_conditioned_posterior_integral_affine,0p5_0p9,1.7545837044089607,2.2152343776029397,1.5219217395732183,0.09722222222222222,72,1.7969010514846115
standardized_exclusion_repeat,2,P1-F_generic_posterior_integral_affine,0p1_0p5_0p9,1.4099099281230876,1.7369919463178378,1.202337273928216,0.08333333333333333,72,1.415328943645172
standardized_exclusion_repeat,2,P1-F_solvai_conditioned_posterior_integral_affine,0p1_0p5_0p9,1.358110034770533,1.6725545533695398,1.1692701610126282,0.09722222222222222,72,1.3754524422788639
standardized_exclusion_repeat,3,P1-E_actual_integral_affine,0p1_0p5_0p9,1.4082679679736456,1.7710027504950436,1.3474749733044122,0.1111111111111111,72,1.4202103456614272
standardized_exclusion_repeat,3,P1-F_generic_posterior_integral_affine,0p1,1.2841598335653719,1.6546963806550026,0.9584003666857493,0.1388888888888889,72,1.2735505909864588
standardized_exclusion_repeat,3,P1-F_solvai_conditioned_posterior_integral_affine,0p1,1.0788231698245143,1.4137737958518408,0.7606569706097988,0.1111111111111111,72,1.0922410548444992
standardized_exclusion_repeat,3,P1-F_generic_posterior_integral_affine,0p5,2.696229268655409,3.281492285032071,2.141990637628227,0.05555555555555555,72,2.6728167686554087
standardized_exclusion_repeat,3,P1-F_solvai_conditioned_posterior_integral_affine,0p5,1.7682703382995664,2.216695897561774,1.5215115481238561,0.08333333333333333,72,1.8019221496229874
standardized_exclusion_repeat,3,P1-F_generic_posterior_integral_affine,0p9,2.673761689010677,3.2260463816853364,2.2384349528785727,0.013888888888888888,72,2.659308846769905
standardized_exclusion_repeat,3,P1-F_solvai_conditioned_posterior_integral_affine,0p9,1.5739893968648306,1.9950039261722117,1.275307694780147,0.06944444444444445,72,1.5888910580167908
standardized_exclusion_repeat,3,P1-F_generic_posterior_integral_affine,0p1_0p5,1.7224455074974516,2.1479835016666606,1.6797168979303878,0.1527777777777778,72,1.724518875415804
standardized_exclusion_repeat,3,P1-F_solvai_conditioned_posterior_integral_affine,0p1_0p5,1.334372140689967,1.6668407462561001,1.157122345878848,0.1111111111111111,72,1.3425423074245968
standardized_exclusion_repeat,3,P1-F_generic_posterior_integral_affine,0p1_0p9,0.967374518899441,1.255819756551142,0.8292509569850172,0.1527777777777778,72,0.9936655287573354
standardized_exclusion_repeat,3,P1-F_solvai_conditioned_posterior_integral_affine,0p1_0p9,1.152933219120126,1.4299714427920158,1.0658534238253647,0.09722222222222222,72,1.1502318887976903
standardized_exclusion_repeat,3,P1-F_generic_posterior_integral_affine,0p5_0p9,2.695867030254053,3.276454026983548,2.125297206144632,0.06944444444444445,72,2.6724545302540523
standardized_exclusion_repeat,3,P1-F_solvai_conditioned_posterior_integral_affine,0p5_0p9,1.749772589888365,2.255481483999261,1.4586752982834703,0.06944444444444445,72,1.7961601780396654
standardized_exclusion_repeat,3,P1-F_generic_posterior_integral_affine,0p1_0p5_0p9,1.378984508428662,1.7333754206442487,1.1806718618979404,0.09722222222222222,72,1.3844393453475161
standardized_exclusion_repeat,3,P1-F_solvai_conditioned_posterior_integral_affine,0p1_0p5_0p9,1.3253106559086052,1.6832779413956662,1.1821272541129086,0.18055555555555555,72,1.3478965912552152
standardized_exclusion_repeat,4,P1-E_actual_integral_affine,0p1_0p5_0p9,1.4507210472568906,1.8016164257637375,1.361426260070341,0.1527777777777778,72,1.483811842507337
standardized_exclusion_repeat,4,P1-F_generic_posterior_integral_affine,0p1,1.2697852788911956,1.6545411758229294,0.9284447956818794,0.1388888888888889,72,1.278467543262432
standardized_exclusion_repeat,4,P1-F_solvai_conditioned_posterior_integral_affine,0p1,1.079165899582341,1.480544663546461,0.630864201165559,0.06944444444444445,72,1.1105118161286496
standardized_exclusion_repeat,4,P1-F_generic_posterior_integral_affine,0p5,2.680500303781938,3.227553012717565,2.2905894140069036,0.041666666666666664,72,2.658766045959327
standardized_exclusion_repeat,4,P1-F_solvai_conditioned_posterior_integral_affine,0p5,1.864029111405303,2.2961232783272942,1.6557151288174592,0.041666666666666664,72,1.878183715582087
standardized_exclusion_repeat,4,P1-F_generic_posterior_integral_affine,0p9,2.6707417918161767,3.227551888921795,2.1411820820855665,0.05555555555555555,72,2.6597671827163074
standardized_exclusion_repeat,4,P1-F_solvai_conditioned_posterior_integral_affine,0p9,1.7019966878723616,2.2031676427317994,1.4004556993380795,0.08333333333333333,72,1.6991853147424343
standardized_exclusion_repeat,4,P1-F_generic_posterior_integral_affine,0p1_0p5,1.7056426353981875,2.105118952351444,1.5525348839705064,0.1388888888888889,72,1.6974617936115581
standardized_exclusion_repeat,4,P1-F_solvai_conditioned_posterior_integral_affine,0p1_0p5,1.3446846546402125,1.6368176002809942,1.1038109969396952,0.06944444444444445,72,1.3424378575155371
standardized_exclusion_repeat,4,P1-F_generic_posterior_integral_affine,0p1_0p9,0.999015707742096,1.2955997698054298,0.8582470677223263,0.08333333333333333,72,1.0230052075307254
standardized_exclusion_repeat,4,P1-F_solvai_conditioned_posterior_integral_affine,0p1_0p9,1.16441274935987,1.505842315994258,0.8414516853558067,0.08333333333333333,72,1.1747727724690096
standardized_exclusion_repeat,4,P1-F_generic_posterior_integral_affine,0p5_0p9,2.6842887374704825,3.215937190911538,2.2655539889612553,0.05555555555555555,72,2.6682593569185933
standardized_exclusion_repeat,4,P1-F_solvai_conditioned_posterior_integral_affine,0p5_0p9,1.8802929295962514,2.3582228362007833,1.6768161101877777,0.06944444444444445,72,1.9076702752326413
standardized_exclusion_repeat,4,P1-F_generic_posterior_integral_affine,0p1_0p5_0p9,1.4218532718058905,1.7460466206620282,1.2622433454688102,0.08333333333333333,72,1.4263894648821729
standardized_exclusion_repeat,4,P1-F_solvai_conditioned_posterior_integral_affine,0p1_0p5_0p9,1.3605552348982728,1.666490487948264,1.2844968083036024,0.1111111111111111,72,1.3737228913972488
