role,molecule_name,lambda,frames,mean_dhdl_kcal_mol_recomputed,five_block_sem_kcal_mol_recomputed,energy_sha256,component_sum_max_abs_difference,ti_point,existing_observation
calibration,Acetone,0.0,51,58.71006605333334,2.970378026615686,01c3a1063fd472166d30232b5ddfe71982ed065918f78271a1970f97856c78e8,1.7499957039035507e-09,0,False
calibration,Acetone,0.05,51,47.24481697711766,3.934807900463037,d0d9ab7a47ffb73429159d8fb3451956279e5aa53324b0ef46c4561ac58bbc5c,1.5699939126534446e-09,1,False
calibration,Acetone,0.1,51,34.39174503043137,1.231053992634007,0681e4393be4c55ffdfe034790bb9d23a31be5d7e2563fa5594300773d940116,1.1199858818145003e-09,2,True
calibration,Acetone,0.2,51,21.402644498572545,1.162069899408557,1ae04a734f48c16e397a46c4f04573f3a55e45039c1380d1775d844aff5c8def,1.2399965498843812e-09,3,False
calibration,Acetone,0.3,51,10.997944920958824,1.1450423606949314,c14fdf2b9cc0975f0986bb8c565c94d7ca81d5020044515fcf6870095840ccc2,1.1399983179671835e-09,4,False
calibration,Acetone,0.4,51,8.269187992141177,0.2630398900662765,786e72428c8962ea141aba8260aba9db046e81513da02a92f63bb27800e1b4e8,1.0899992020085847e-09,5,False
calibration,Acetone,0.5,51,-2.95581538685449,2.728134374991788,b79484152c0ee353f5a5c77ee5ba12db7c826b0b3ad000e9b13c5e2d88d61017,1.4199912357071298e-09,6,True
calibration,Acetone,0.6,51,0.29863078682098027,2.0217562437021432,76a6bac55655e67993c8c5be625862bba0ee36b871da0c2ac47fdc2692549b53,9.000018508231733e-10,7,False
calibration,Acetone,0.7,51,-0.4797027409591374,0.41289631721199105,683e9007eed31bee1ea18702bb9127cd0f37aedee048e36adc25242f5f7b2d65,8.300009568529276e-10,8,False
calibration,Acetone,0.75,51,-5.9543450959641175,2.480775511786877,36ab5a6b7d75bd9ae9ad073f66e28fdb08cf000f5e961dab91891226a8ae3ad7,1.2700009932586909e-09,9,False
calibration,Acetone,0.8,51,-16.74316784620196,3.150510459517457,29017d55a178e09f466bc329556a54d41e7df897e017a2a819353bed019e2edb,1.249999215247044e-09,10,False
calibration,Acetone,0.85,51,-8.446663204427647,2.2299345589311668,f55002e192cc47799e6c1b1a6a89bc7f673da646105f40fcadc2ed934871cc6d,1.1400018706808623e-09,11,False
calibration,Acetone,0.9,51,-15.475207219635294,0.6693798190742339,146674e49ada475232ff3bdd57f80c0d7dff212043b7152016fac170e2a1b860,1.3490009109773382e-09,12,True
calibration,Acetone,0.95,51,-6.590317632763333,1.2371197003147478,9b0cc7637b133f64a37e26ac3cad9c268ce055ae1346035386e005b2a9defef0,7.15996151257059e-10,13,False
calibration,Acetone,1.0,51,0.0,0.0,4f992e3a614dad1968e6c1bbb07b6363b669f3eb19cb96964f12eca229e7e61f,0.0,14,False
calibration,Ethanol,0.0,51,58.07517734843137,2.1210988924609455,81fd1b1c9db0b46747a9083a94189747a70f95f64c14a7d65e9234ed5c2a0f7f,1.3999965631228406e-09,0,False
calibration,Ethanol,0.05,51,39.33032266052941,2.072640382151269,a25e267181be3dca546ed551e407e35f7b8a40349a35ed7b0ac328708c2cc518,1.2099974355805898e-09,1,False
calibration,Ethanol,0.1,51,30.93316347164706,1.8013727947084595,1b38b501b474872ea6bd0b71e6f812fe72852eee62ff7fe30cc8c5dc68c114dc,1.5900099015198066e-09,2,True
calibration,Ethanol,0.2,51,19.88037107303137,1.4070486413268786,4521ed9b445756557cadf7bfc6dd2c85ce93a760b8b82507c0a16ef9d8ad9faf,1.2500045443175622e-09,3,False
calibration,Ethanol,0.3,51,12.463854242627454,0.9840219671924477,18f31d2f516f77ccf113161794bb08d6a29a3d5aeda6731b1144034a65715f8c,1.0500009750558092e-09,4,False
calibration,Ethanol,0.4,51,8.482560471267059,0.62280046843229,6ab61265c9fc04365e22b6863ad41840abd89b3c715a9b507f555ccf86c9d00c,1.2600023246989167e-09,5,False
calibration,Ethanol,0.5,51,-2.3105252657086277,1.0138249554022412,c975f05c2815dd3520bb10867a245011e0c34e005e2ec182f65c057f73ed7ab8,1.1600036486925092e-09,6,True
calibration,Ethanol,0.6,51,1.4153882457993139,1.7903765887292162,7c3f4c67ecf7ad9fafe57c78665c3f0f88cf2b69c9ed6e88f54f861df55eeb6d,1.51000101311638e-09,7,False
calibration,Ethanol,0.7,51,-0.14501103327015663,1.1822236199829437,f1646fcb811ff44423993d715557221550b0be3dc301cf5f7824e080bd1910eb,7.699996196208758e-10,8,False
calibration,Ethanol,0.75,51,-9.866985153701568,3.1821446884248235,7fcc6932b31c659c54774b45a0b1a44c6fa396c865bcd2fdc802d06728534baf,9.40005406846467e-10,9,False
calibration,Ethanol,0.8,51,-8.67023868714902,2.7143613118789482,c5fd711c2f55f33016874098de9cdeedfe7b93c63fcaec000cf14ad3ca65f251,1.1700009849846538e-09,10,False
calibration,Ethanol,0.85,51,-19.064815137862745,1.9989275580758432,cb382351a9a748fe5a9fa8fd7d185a578cdd8b05753801aa240074d38cd33bed,1.088007905991617e-09,11,False
calibration,Ethanol,0.9,51,-10.93703091593647,2.378823358418115,3fe76bea87c3ad807434b55fdff38d63d6e9d4a968f8bd2315be0813cf61949d,7.92997667531381e-10,12,True
calibration,Ethanol,0.95,51,-5.693656055676863,0.9561477533396344,e987ed218f6d40ff02222a63ac5c40ddbe29309242d12cafef3adcd8fa2124e8,4.659987951072253e-10,13,False
calibration,Ethanol,1.0,51,0.0,0.0,a5e6337dc56ae816de0c9ce21c3f6690f58bd505a1040804473dc544a38492a2,0.0,14,False
calibration,Propane,0.0,51,13.09579277349804,1.488669088437272,9fd4b97f7c977315908631df18d3f6d11561293e0e6d6122d4768d0027c8bf7c,1.5660042151921516e-09,0,False
calibration,Propane,0.05,51,10.831497429198434,0.734409903200063,37d07482e77d8b7a8b93449d359b7d68c2ba15b154cc7b78296308239a79ae43,1.4000018921933588e-09,1,False
calibration,Propane,0.1,51,10.979366972121767,0.9402104417184691,977db1a582eeaaa884b45e966d85c6b9274d18fbbd0af73b8c80cf6b821a4ad1,1.4100045575560216e-09,2,True
calibration,Propane,0.2,51,9.261003840097842,0.9385891918569559,f347dd18241fc370a346d1cbced167ac8f62dee57b1def1a942c35bf224e1202,1.2100009882942686e-09,3,False
calibration,Propane,0.3,51,5.172510741465119,1.0089109396164044,cece947ae41a453f3b7db9417a0f8c783c08d7e0dddd2d185875484dc3c3da55,1.2899992185566589e-09,4,False
calibration,Propane,0.4,51,0.35525101797749026,2.7573148441461184,571c3a2de7e68dd8965ccd95dfcb3d1cbb98a2648321d78c2345fc0e1f686c6f,1.1599967653097565e-09,5,False
calibration,Propane,0.5,51,2.1750232095415254,1.2207084056159296,fdd4f4bab525d7b9d3a17994a52739b16a6dea30cd551b3741164ad3527a3ce6,1.190001430728671e-09,6,True
calibration,Propane,0.6,51,-6.122744541861373,2.1249045510495455,bdba9372ee132dce2e2a6850378b306b5a9bdf05b32dd64c9cdd0be164d1a122,1.1800018739904772e-09,7,False
calibration,Propane,0.7,51,-9.685662965275492,1.9975521390516306,8d1a992ea1522af7ce6de548380cc7b75fc8aaa81628dadf24dc92092d2e2f06,1.1999965465747664e-09,8,False
calibration,Propane,0.75,51,-11.582778312955066,2.3016918986158323,94d3b2891e88507181364076b32b92d84c4f002761f7371cef76cbec1632b279,1.232006496820759e-09,9,False
calibration,Propane,0.8,51,-10.186767571024902,2.6578022260444687,549ed0f77163d61005c713832524098c3974df06a06bf95090c0019fb180ff4f,1.2100009882942686e-09,10,False
calibration,Propane,0.85,51,-10.568003172223726,2.2746494450245445,26acb59e5873587ad6daa8f24d49429854b8458cde6eb73f435491e2931cd3ae,1.1319976067625248e-09,11,False
calibration,Propane,0.9,51,-9.445707010731569,2.024253607264751,f088ff60abfbcabcdff6bed4d98575ba2ea4cdc5eb25f0dcc493fa46b35a5946,1.0070007050444474e-09,12,True
calibration,Propane,0.95,51,-5.792173844545885,1.176235864662216,268a4ab115e27620c9f2ccdf21494641c70522f978081951b0cd23ae6cc2504b,6.758984483212771e-10,13,False
calibration,Propane,1.0,51,0.0,0.0,a209d0759a01dc272e6f03560a4c7aed1e7b3ca63dac4d65ed1dd45eccab6a7a,0.0,14,False
calibration,pyridine,0.0,51,66.97142071758824,2.7012948257229072,d0b001c6c4252fa3905e7793b5864c957a0e14c03e41c43e472285b8c54379ac,2.70000555246952e-09,0,False
calibration,pyridine,0.05,51,49.005052195274516,1.5530078671070442,fe0d9be44563135c5f7bdfe02b1f95f4b46a86b4a2f9cb8d388172531ae41bbc,1.3999965631228406e-09,1,False
calibration,pyridine,0.1,51,40.41555733111765,2.0643716545080713,5a0ed59498fd3d92daeb48be7b8be7778d155da6733c7886adf207686d6655f9,1.1600036486925092e-09,2,True
calibration,pyridine,0.2,51,23.19506704882745,1.5608307457445485,c124cd5564e5d7b93c263dff18883fab33be0cdb5331d03bd426d38d9b6064fe,1.4999947950400383e-09,3,False
calibration,pyridine,0.3,51,15.97311116545588,1.5605570056596123,42ff1945c63ff8c34268d596794b7c35e44f65458f58a8dcec6d55251b41087b,1.500001900467396e-09,4,False
calibration,pyridine,0.4,51,4.74837025273704,1.1154693343188022,6313221e81df966afc64037dd29322602a963a124fdd5e29d5e44c65a6a98962,1.5800054598003044e-09,5,False
calibration,pyridine,0.5,51,-1.8588300584200002,2.2753573358989665,7ed913715d88483abaa265c06fc1027f4ce81d4d1f5cfb75dd95dacb1a91f354,1.0900018665438438e-09,6,True
calibration,pyridine,0.6,51,-7.295803889594569,1.5651610925899666,94a2f90fb7395d0fe9650786f19566a2aca02215d969144418c3dfb2e910bfdf,1.2399983262412206e-09,7,False
calibration,pyridine,0.7,51,1.4214692350893332,1.010363472297463,24f344760d1b2614b809aa757a2be5ce4570e542ff2524ea4ca3fc9095ec11e7,7.330021034590573e-10,8,False
calibration,pyridine,0.75,51,-7.301854120504902,1.4644007893256445,a0b9da8b99fbd1499d5c510cf7ce100c9089a4e0e4d7ac28be4a2eb3d941a1a1,1.24000010259806e-09,9,False
calibration,pyridine,0.8,51,-20.70689096964447,7.115376848550977,005e61f1c5435fdf12dcb2d65841414c674dcd8ed9982ef8b45f8eec3d1d9419,1.1099956509497133e-09,10,False
calibration,pyridine,0.85,51,-14.007085242108039,2.2111692715779796,bc20ccbb8235d9e5f23e3c6e21a174b77ab966018fc6a3897b4bd523341d329c,9.000000744663339e-10,11,False
calibration,pyridine,0.9,51,-24.541327381564713,2.7761161197292146,2d2381e54168d2d371c4e9b82fa2bc7dfc2b6083a4991bb3a30e5594307e7803,8.200018442039436e-10,12,True
calibration,pyridine,0.95,51,-11.352645252266667,1.3824528068365471,368cf71316add64d8ab79e4abae0d073ba18b400d1700f533ca46b44ab7e94d8,9.399983014191093e-10,13,False
calibration,pyridine,1.0,51,0.0,0.0,176311ccddc1e76387bff5238317516d495ef844dc86b19002a8ed6b94197952,0.0,14,False
prospective,Acetamide,0.0,51,117.6022928122549,5.795625556156035,6b9774a93f130cabdb624ab2ffa1d869403a5aeb61f50f756e3a28edb6212c89,4.930001296088449e-09,0,False
prospective,Acetamide,0.05,51,101.08554905470585,2.2968318808240085,1d536433458cf4ba015a5ea84d2c28ed7fe2b81f1d4b92f9ad2fc827b67d97f4,4.879993298345653e-09,1,False
prospective,Acetamide,0.1,51,55.270473185627445,1.8765083756155556,b5d1fdc7ba2899160f07d915d88a5c080495b311661b081726000296887fa4ff,1.3000018839193217e-09,2,True
prospective,Acetamide,0.2,51,25.871178321164702,2.3703839143339533,d8cf3c2440e8bc152005f472ca9495a3b53c2c767dc072e720826d388b1f933f,1.1380052455933765e-09,3,False
prospective,Acetamide,0.3,51,17.451542284349017,2.326939777577403,c0bbbdaafb0ffd3b4ae3b99e2c424803be60c1597a6900f05207af43fedfe52c,1.0000018590972104e-09,4,False
prospective,Acetamide,0.4,51,5.249294237431569,1.7332838504797412,7c27f21d8275ea8b66daec6fa104a4f3aa1c96cfb379aff87225d06c3ae2131a,1.0799983130027613e-09,5,False
prospective,Acetamide,0.5,51,-0.07294182593647051,1.3591023122414165,c09d8dd65c8a043aaababe8048e8dcf29500516f1089662391f67894a2b0f695,9.200014083887709e-10,6,True
prospective,Acetamide,0.6,51,0.9884395604672546,1.211892446686172,e14823afcab109ab91dca04c7a04908f522debf24fa0145eacdecb1b21852349,1.4300027828539896e-09,7,False
prospective,Acetamide,0.7,51,-7.09352210363406,2.875614668749374,f89953072decbfe2d9d7870c3b410b6bcc33f1f018e03154b6241e00023c989a,1.2499956625333652e-09,8,False
prospective,Acetamide,0.75,51,-25.24360608155902,4.319504473927738,1f3a73c9d84a792bc37e29c6bc8b108d77780fe305da5aca7f7315cc3d1e81bf,1.3400018872289365e-09,9,False
prospective,Acetamide,0.8,51,-11.04782330983745,2.4045506533287053,b09620f3d6361023b6f7a3e9e486044df3b12ae70c89d4621b3d3fd912e26d01,1.0589964460905321e-09,10,False
prospective,Acetamide,0.85,51,-17.07148865708706,3.7244125976791556,fd1379dcc840b8dbaa29fa7975015afc335d2131f9384a3a8c2eb5db44429893,9.949978618806199e-10,11,False
prospective,Acetamide,0.9,51,-6.708513911389412,1.9425669122131857,5659efbd37276d52a33e1a81d894e28bf6efa1b529aaa2d4e190facf40e33c40,6.129976526381142e-10,12,True
prospective,Acetamide,0.95,51,-5.074045890061961,0.7881330381839707,ce51458c124fb7e609f8c4cd4cac8b1f43d5af67f535d658e53ba43f193711f4,7.540013058360273e-10,13,False
prospective,Acetamide,1.0,51,0.0,0.0,65ee421236187decf6615858992920c208106dc52f41ce3a37e160ea38642e7b,0.0,14,False
prospective,AceticAcid,0.0,51,60.36174530005882,4.931429962285801,cf8ee675a34eec47daaff8a1881bfb34429cba45d698d3fee05117fa5f7ea014,1.229992108164879e-09,0,False
prospective,AceticAcid,0.05,51,45.21107955310392,2.2865341523806335,be4443233aef02a79b1e6da8126de261c2e07b85ff6d8244a8aba6cc3feb2f0c,1.389999226830696e-09,1,False
prospective,AceticAcid,0.1,51,40.947200291196076,2.7434052172229757,dd63b628fde4fabef7b651f7b5c0d498a4575115aedaefa621c6a818d20cf543,1.3999965631228406e-09,2,True
prospective,AceticAcid,0.2,51,21.619708209945095,1.9523568746958835,ebca77a1f483e847d5cf50c0a14aa94f98bdb8d002a0147a68e9a7074b9b4851,1.2100009882942686e-09,3,False
prospective,AceticAcid,0.3,51,14.53986529120392,0.678582393005981,9fd456ed7eb2f4c43ed034c9c5cd864ba2f8b0064b4ae040526dbbec27c5c827,1.3699956724622098e-09,4,False
prospective,AceticAcid,0.4,51,6.844971431492156,0.6607594596826651,5bfe559fa0bb13e6122e1140d3918f64a5b53643576a2a43740a6720e159e3f5,8.800000728115265e-10,5,False
prospective,AceticAcid,0.5,51,4.467595228930009,1.6337700881686288,3c351f7e9cca424e345fd520871c24050c4bd21fbf37c762a95f893dc364d38c,8.600036238703979e-10,6,True
prospective,AceticAcid,0.6,51,-1.1610933237120982,1.3456626696788159,9c667ca557fe1c063beb8d2223711d7e94ab852de2decd60b100beb395269e47,1.1199983163123761e-09,7,False
prospective,AceticAcid,0.7,51,0.44152815859470607,0.7920273797586617,743391bdd684837e57088c7139eefe402939b4356aae1596c53e62617c3f6391,8.899988523936031e-10,8,False
prospective,AceticAcid,0.75,51,-9.616702640188432,1.4450502825622153,2f9461a1cfb519d8469eae1a6433f2c8ed24b1137d779e78f6623f952f3288dc,8.30002733209767e-10,9,False
prospective,AceticAcid,0.8,51,-19.205655111677252,4.1236941869523,59b0733b19f306b4bed7ff8e0e41cda1cdd1573a927d223c7341641aca770f80,1.3999965631228406e-09,10,False
prospective,AceticAcid,0.85,51,-12.215798229008234,1.0061081492404682,1f95e5a6d5084ad3da6883cb76bb3f3bc6e3047b9e12ed6748279c5b1fbd4c04,1.0799965366459219e-09,11,False
prospective,AceticAcid,0.9,51,-10.836551117891315,1.5599651052918397,2c0232ae383ce8ff05005f948c1276f9c80ce5ec271cd6311fa3cf0ee88d2566,7.909992660870557e-10,12,True
prospective,AceticAcid,0.95,51,-4.594073382674901,0.9840412893309053,4486e87e87502bdeeaf23b70e1e5d984cfee0ad3048381a1e59b9debb07a2f97,6.719957923451148e-10,13,False
prospective,AceticAcid,1.0,51,0.0,0.0,bb4079bcfdc662f8739213a1995c3086a86c7ffa98f7e93cfce572058cb19263,0.0,14,False
prospective,Anthracene,0.0,51,68.53410666792156,2.8067177595342723,9e7009aecc258ed0090f6614708f9adad47d2c407cf663d880a8f18b6a7c0a67,5.499998678715201e-09,0,False
prospective,Anthracene,0.05,51,65.04812935929411,2.0048147268342102,139ac292de68018a4bcbed8c5f3b7ff59c640cc0d25408e192b8fb6753f88932,5.40001110493904e-09,1,False
prospective,Anthracene,0.1,51,50.22468929143137,1.4692541443069103,f6bf9892502ff4a7a47beb0837cbf8550e6dad8cc65fd16cad2ddfa22d3fbe8f,1.2000072047158028e-09,2,True
prospective,Anthracene,0.2,51,34.17552942258823,2.511919052263972,89e31956852436d7d09333ac7b0c85de3540723af8af85ab3f7853aa1e0d0be2,5.229992439126363e-09,3,False
prospective,Anthracene,0.3,51,25.786309746160985,3.154100198979998,218f84ac8f4b2211ade61d2cc5f5620e32deb1e2e7b01c9e432feaeace6d0774,4.7499995048383425e-09,4,False
prospective,Anthracene,0.4,51,17.091941021607845,1.710221696512406,0caebe02026e41dbf6cbc9fd63f42f6738c18abdd44653c79b7b2c17dbfaa447,1.5999948033140754e-09,5,False
prospective,Anthracene,0.5,51,8.642144235034626,1.5525387654185465,703ab33653413875c2a6229340c46ba3e6b11b2e55a6baef77acdea372066ea4,1.8000072543600254e-09,6,True
prospective,Anthracene,0.6,51,1.0927276297419606,2.0879307864354355,82b53e5233e56272bdff9ef5d9e16f28e57cd6b032aec45621975a699acd9994,1.3599936732333617e-09,7,False
prospective,Anthracene,0.7,51,-11.848590439723335,2.540518240384377,2169feec2bdcda2f380b236f8b0178708cdbd7602d375839f470a070f28a6ee6,1.5400019037770107e-09,8,False
prospective,Anthracene,0.75,51,-10.297466950146275,3.561853530364721,f84c5754a8ac6f4f888b82b6c6a03defb22cfe334a84dc7b4ec234142fc0e71e,9.400018541327881e-10,9,False
prospective,Anthracene,0.8,51,-17.578027198378432,2.960881037576092,729641601de210a995cd35526f69aff6534e48d3372eeb45ad71e11080889f23,1.4720100693921268e-09,10,False
prospective,Anthracene,0.85,51,-41.11824361714509,6.263174673281198,da43236d78ddc31752e9b8349d000f0fd3484c5099dca6ad0a383639a6ac39c6,5.490008447850414e-09,11,False
prospective,Anthracene,0.9,51,-23.378834827128628,8.239354702584107,9e2b45244f41cd3c0ab22e49116bc4c864b55592b7b152ae80ad5c14b146a4a6,1.149999206973007e-09,12,True
prospective,Anthracene,0.95,51,-21.730527147486274,2.439055424694773,883b3a6984d415c511560046d0219b8ad9cc187398375654f68403284ff0065b,1.1677023792344698e-09,13,False
prospective,Anthracene,1.0,51,0.0,0.0,b83491baf6a4b4d4cfcfa53c573f45c7b7ae33c631886bf354e64b90cf617ea7,0.0,14,False
prospective,Cyclohexane,0.0,51,22.46802325692353,0.47586585430388306,1a39bd2e01419d2823f08f7ac74119b57c15bf69919c36b9d4343bd643f50a55,1.4899939060342149e-09,0,False
prospective,Cyclohexane,0.05,51,17.83402191561961,1.1716078039025748,101ff69c8fd6a2cdb21a7cc44eb66bba848a847deeacf910ba6d7116dded86c5,1.2999965548488035e-09,1,False
prospective,Cyclohexane,0.1,51,16.499393657054902,0.8198427277826577,e687a015b8ba0380dfd39ec7407bf022748066f5c7bcd3a8822507fe838a318f,1.390008108614893e-09,2,True
prospective,Cyclohexane,0.2,51,15.318171403074507,1.6428653951746701,d0760315d5e53a550d4d9bdfe3c7b203a1cdc5db5abea2c71c03207540211523,1.539998351063332e-09,3,False
prospective,Cyclohexane,0.3,51,13.94512060050196,1.0578279404643935,654cf19c0cba7145c09e4e93e925710fe8886c1bc4c0664bb52bb5477838a143,1.4100010048423428e-09,4,False
prospective,Cyclohexane,0.4,51,5.251649748652745,2.282338921004234,e655e4f016fa0a17b0399e97552531de36dcec836e6189058ebff3d1f17aca19,1.1099992036633921e-09,5,False
prospective,Cyclohexane,0.5,51,6.039172080160196,1.0185000071674093,9a18807dd177ae39dba801b4756c14a57c40b984952cc49fca9a076b16532d3d,9.10003294940509e-10,6,True
prospective,Cyclohexane,0.6,51,-3.8726438202436464,3.3872132543125577,51a4f76c59637eda436d6770072ef20bf4764f1cf48682c018cacc6ee7d42aef,1.079999201181181e-09,7,False
prospective,Cyclohexane,0.7,51,-14.862928528717257,3.8621903610947,8d0dee16344e20433e0cbd76fbf79a5fe768cb7044fb6bc29b71d1247a83efc9,1.4900027878184119e-09,8,False
prospective,Cyclohexane,0.75,51,-8.698803900454568,3.7089769456891855,4c740b70e9421b62ff6237a2197180844076be46d6b7f142876cd374c37c0ab3,1.2599965515391887e-09,9,False
prospective,Cyclohexane,0.8,51,-11.07403135678608,4.021255329072356,bc5aef9ea4a866b6d07b1afdd29363ba7f402795b2917bb75d469abc788772da,1.0800036420732795e-09,10,False
prospective,Cyclohexane,0.85,51,-22.232104693202547,4.285736442370339,f3249de589061d7a2c140cfdc410d0462342156ee5eb6ccb137796a0a155d42b,1.2260059634172649e-09,11,False
prospective,Cyclohexane,0.9,51,-12.224747881693332,2.2838185042014643,ecbcc9b62d452ec4b2906e44d592401117c156244847f83329fbfcb1e65d2997,1.172997698972722e-09,12,True
prospective,Cyclohexane,0.95,51,-8.95685399775255,1.1130905647871423,9cdff615719e51399416b0f42741eaec8b5d5f226a4bdbccbb0bedd051f0b9af,9.870024797464794e-10,13,False
prospective,Cyclohexane,1.0,51,0.0,0.0,3472c101f1bfbb2462f3b06204c669422735e73c8d54b23257ec116e380dba76,0.0,14,False
prospective,DiMethylEther,0.0,51,40.03492596915686,1.5596881889457166,6ab1ed8453de7d6fe93e2d3e4aa71ca8ca95ecaeac7865a2b31f83215bbac740,1.249990333462847e-09,0,False
prospective,DiMethylEther,0.05,51,30.26035752883333,0.2076427728768012,9e3085a504977483a98049aef21d133713b5880d243c9e3f793fed1b68b70df4,1.520000125765364e-09,1,False
prospective,DiMethylEther,0.1,51,22.492657047815683,1.222733044856121,f1805c484355982587869fa80fcebc8b2bee289090da08b2d640326384eb1dab,1.8599948248265719e-09,2,True
prospective,DiMethylEther,0.2,51,10.99706197930196,1.7382084258045056,a8b939c8ac9d37018364be5c0e60819709261ee706e07ec792cff9c82e4f06fb,1.1199965399555367e-09,3,False
prospective,DiMethylEther,0.3,51,9.67445375785941,0.914089189717333,a1b45d320994a733ace8fd20904ad5fadf3846bd016e5b8748f8bdfc1e82f285,9.70002744793419e-10,4,False
prospective,DiMethylEther,0.4,51,0.37979135376548995,1.2584678643883382,0b1756e17247281afba28617a0712d0922a68872625eb8c0c4ecc169d3ae354a,1.1179981385112114e-09,5,False
prospective,DiMethylEther,0.5,51,4.228513231180431,0.6657849589103282,1bcb7e578ca9d9df2871a0c8edc17a13ec1f5d7dd520bfd8c58488e6cf11868a,1.0099974190325156e-09,6,True
prospective,DiMethylEther,0.6,51,-3.060906791483529,1.3648286015365056,074c7574f03a0da3e65ac808550c0bf9f449ecaaddaa1198cd1de4abf7745326,1.2149943273698227e-09,7,False
prospective,DiMethylEther,0.7,51,-1.8547986725604413,0.4720009072701682,65a77b8c842773fc30784037894a8433a2649056c24752b1a752d58ba0df339f,8.200000678471042e-10,8,False
prospective,DiMethylEther,0.75,51,-7.785570475914745,1.8734973458358253,12cc6269882b58fc69928b79d23ec2bf0e54d93058a4aa5d313dba0dc9bfee5f,1.056005061172982e-09,9,False
prospective,DiMethylEther,0.8,51,-17.560093069945683,2.03910593503891,7ff3765cb2d763422693dd35a526d51ee0c4404e5352b287f7ef234cd4e2af7c,1.0449987541960581e-09,10,False
prospective,DiMethylEther,0.85,51,-12.973821394424238,1.2043273131180405,ab30607f5b3a6b99472060c5dca1a8eee760d695467ddef0af7b4b72d3cc9b11,8.417977426233847e-10,11,False
prospective,DiMethylEther,0.9,51,-7.169437449953229,1.235429631486815,21f64c050e7d492241bc6d4fd9f135665e06bcfb9b13dd2fd34f5eff37a5fd2c,8.859970535013417e-10,12,True
prospective,DiMethylEther,0.95,51,-3.990929653347824,1.077800191228781,516eb86603e529ec9ef6ba76a0fb640ea41204491631c1354d1bc0696ab6859b,5.079989762180048e-10,13,False
prospective,DiMethylEther,1.0,51,0.0,0.0,8b8afac140bf7c1685d375e6b9d5a145f0f3198d53548fa07544c4b046d0d444,0.0,14,False
prospective,EthylAcetate,0.0,51,58.62307157423529,1.392922211086864,31919774a7b034b25c5c87ec410bdeb3bc07be761044fa9939755ba6d65cf69e,1.3000089893466793e-09,0,False
prospective,EthylAcetate,0.05,51,40.35286874607843,3.43494525148655,52ff10cd21000da1aecd768cf2d13db97cf49156d1cd9867ac7fb348f7f72932,1.6000072378119512e-09,1,False
prospective,EthylAcetate,0.1,51,32.32996991130784,1.3412218478286317,0e501753fb07ae636466e59dc6b9223db115d60174549dae78fa43cd7d139082,1.299998331205643e-09,2,True
prospective,EthylAcetate,0.2,51,20.10216814940588,0.8790356617536328,1b1931e1bcf6ae94f4844cfc212c6f4a9e22790c16d728884bdaa981da997c81,1.389999226830696e-09,3,False
prospective,EthylAcetate,0.3,51,12.50884396477451,1.0193216869283834,e78becb153be0cf664fa9340376dbc57fe14a65b70d87df6bec63598dc4eb9ab,1.2900009949134983e-09,4,False
prospective,EthylAcetate,0.4,51,7.298988002242765,1.5580481689475107,bb481a67dce0988f5e45320d534b9e196bb607e07742d8c69ebbdec41ebd974b,1.3670025111878203e-09,5,False
prospective,EthylAcetate,0.5,51,2.607890119283494,2.2700403222888186,bf0ff1ffcad6e1365053bcd4a3eb4d1ad2cb6ac39a96637be1cdaf599ad0158c,1.349993894450563e-09,6,True
prospective,EthylAcetate,0.6,51,-0.6797079969364707,2.0199133582324547,935e1af0b85bc8cf75c22b97d8230fae233e8787499b000c592f817a4bb0f34b,1.2500009916038834e-09,7,False
prospective,EthylAcetate,0.7,51,-18.698631287900785,5.365326941503236,f34f20fcde1055ca8e63de57b923bd871bb3b5856e939037c2a261093eedf9e7,1.3799983378248726e-09,8,False
prospective,EthylAcetate,0.75,51,-13.720775241380784,4.627879237188332,18a570f5697b8beb21eb512411feae72293cbc24230f87cf81efcc1514722347,1.259998327896028e-09,9,False
prospective,EthylAcetate,0.8,51,-9.092996843105293,1.956352353243281,e604b18535a4065c01115234a287c6f0bc339d1bf809c41af2ab021262f7cef0,1.2140048966102768e-09,10,False
prospective,EthylAcetate,0.85,51,-11.482167327105255,3.6336935801392998,fe88df712e0660a45d8b2f8c0142dfc747a37dd20a974420065e758a48348697,7.920029077013169e-10,11,False
prospective,EthylAcetate,0.9,51,-14.176920950436468,2.8521325128425623,8be9d0889a8835b6ecba6a3a4d9e461f37d55af7e757db30969e98f011336514,1.2199947718727344e-09,12,True
prospective,EthylAcetate,0.95,51,-8.834974026058038,1.8052394817813466,7b9391330f4d83d000fb472f93fac9f5575b203c55137e0b29a76e4a55527077,8.269971374375018e-10,13,False
prospective,EthylAcetate,1.0,51,0.0,0.0,e9ddc2da6fb2e030aaf20e95b3a308197c6e1bf5658459def8154411c9d8952a,0.0,14,False
prospective,Octane,0.0,51,27.243048336313727,0.7037178049509492,087015e814f935cc4d14461c4547abd5ac36bc97f156fea8a6a00381270b001d,1.2700027696155303e-09,0,False
prospective,Octane,0.05,51,28.624781134654906,0.8087115181779289,312c73a17e24d452ceadf8284dffe5f6fb03bb6f0c8e5c556bf4974eff33d676,2.7299931204538552e-09,1,False
prospective,Octane,0.1,51,23.900657109580393,1.284280459238748,cf99d00f5db19892e06138027fa339be9b6bb007669c6bd22437d04d051a1bfb,1.700005469729149e-09,2,True
prospective,Octane,0.2,51,16.54499560899804,1.847885919138385,3c124ec151c6de5eb50527b88338ac0a38d8925335fc63f9a266eb879c126008,1.7000090224428277e-09,3,False
prospective,Octane,0.3,51,14.190235847843233,0.8727977909306613,8288448080819710ce37b7ce53b0842c043c33cb2375992cec19fa9226ea678a,1.8599966011834113e-09,4,False
prospective,Octane,0.4,51,-0.038275473753137404,1.576874212097651,00f7e6b9e527f2a2a683ba4db32626edef5c561c0ae5f521f2be27b0c5888baf,1.500001900467396e-09,5,False
prospective,Octane,0.5,51,3.1694452021043142,0.3094308062927276,8871ede8cd20b63bda11ed2afbbbab8a1d4e395b60d0d7e18d8d9e231ce8fc6e,1.1699956559141356e-09,6,True
prospective,Octane,0.6,51,-7.842354227979216,3.144509424715982,0bbecadae4485b128395f76bba3b3fdde18ea673b9a5a6e77f4e87d8d55c6172,1.4500081135793152e-09,7,False
prospective,Octane,0.7,51,-12.786345478154018,2.8721673823379406,deb6785462343b062bf3414bdac41182df775130aac1c24e75637cba5af896e8,1.4400143300008494e-09,8,False
prospective,Octane,0.75,51,-16.78449014289667,2.771994512564411,d998d0498daff386e88854a895ec619f086b577fe0624568616ceca266a3777b,1.3099956674977875e-09,9,False
prospective,Octane,0.8,51,-42.698077505294115,4.8886541723894625,318787aadd11129b82ca10b2bbe13b8ee85a8dec654a0d31b49a8b6bf3b8a58f,1.4599947917304235e-09,10,False
prospective,Octane,0.85,51,-24.453597081562034,4.534341719464444,7b3b84777e7d2074695821fb94de2d8e435cff488c181f16bd9e01de1f9eff5f,1.4199912357071298e-09,11,False
prospective,Octane,0.9,51,-25.048601045090194,5.702165490265005,658746eabad8b3d3c6a7460552b9efb507f39625d42bc2083c07d99c57333f7f,1.2899974421998195e-09,12,True
prospective,Octane,0.95,51,-14.03231961495098,1.626786822728576,9c47865ff5a5b6165de85cd1af5a9600b76b033d16acfd111329a562815d915f,1.220001877300092e-09,13,False
prospective,Octane,1.0,51,0.0,0.0,1fead5f10bddf3fff5f3938b68d89e6269d0a2ffb5601d808acb2921a1635b0e,0.0,14,False
prospective,Octanol,0.0,51,90.89926169113726,2.1196321387989165,b7b5165c99f0ce2d5f2959ae227106ce2461d05ecc61768f2d01b39590661bc7,5.800004032607831e-09,0,False
prospective,Octanol,0.05,51,70.25527262041177,2.891978872641355,44d4c9de5cd85deb9fe8411725fa4b23f73fc7b7ae4ed081c62e289432145df2,5.499998678715201e-09,1,False
prospective,Octanol,0.1,51,47.520256589282354,2.1310112020525813,5f968d16484b73ec85381c60d1623cdc21dfaac1972b8efbc725ba87fcdefe05,4.899987970929942e-09,2,True
prospective,Octanol,0.2,51,30.6149360827098,3.590532218356751,48e6fb43f6f7864f657d1f5f34cc99a9d731aefd3c5effdce4b497868d18321a,1.4999979036645072e-09,3,False
prospective,Octanol,0.3,51,18.137287694611764,1.499472706366685,de9832611b6c59f50418b4aae827b4dca4b74a57806296c78f0d6269c6d396cd,1.5699992417239628e-09,4,False
prospective,Octanol,0.4,51,11.237117154182942,0.7993032889567435,5dc39c8f111e178197b3e8db6930256e23cbe73a5886e62cb6599f63e5906b86,1.499993018683199e-09,5,False
prospective,Octanol,0.5,51,8.003149621268236,1.8767670680067796,84fc249c0d0da6dff1c29b04663b9fed2b14dcc3675771fba8fd264b0df76a8f,1.2399929971707024e-09,6,True
prospective,Octanol,0.6,51,-4.347649754689788,2.063677089379619,d144af60a9012dbd9b49b8689a65f17b0afaaa80911ef7737299a26690ebf21d,1.499998347753717e-09,7,False
prospective,Octanol,0.7,51,-8.283515065428471,2.706994365950551,b9467149505bb75399901883c9916a9d720d1f663a7c990d4d146bd8dda89bce,1.300003660276161e-09,8,False
prospective,Octanol,0.75,51,-52.65040635466568,15.08673313441268,f32ebe8ae6f59a2705a973687d349f0ac3ce6ecb89017fb64c6074aaba3c3935,5.430010219242831e-09,9,False
prospective,Octanol,0.8,51,-35.56767777061431,7.8212651702288385,d4669fa6b480f3705c2681bc11f3aa3cbe7e89d990878415899345d950e84bc8,5.1900173048125e-09,10,False
prospective,Octanol,0.85,51,-42.3398394372745,5.903708349238933,06ecc59c569966a1f0ecda0e34a7446a867e463e6e90361aeaf1ede53d3f22df,2.1499886315723415e-09,11,False
prospective,Octanol,0.9,51,-31.00887147124333,5.004705389511275,d6a742d0d5b0e0a7c244601900b0cf5c8045359f7dd0a9606436bf4abef3948b,1.5540138065262e-09,12,True
prospective,Octanol,0.95,51,-13.82685279267569,0.8733325926299422,b46148edac20e87cf8dee9350a6678972502336c92ba99662f3dac91ef22f0a2,9.720029225945837e-10,13,False
prospective,Octanol,1.0,51,0.0,0.0,39a45c08876911fec3147b1e6c5427c660ab72dd1da9140224fe89d433272dfb,0.0,14,False
