molecule_id,molecule_name,canonical_smiles,functional_group_family,scaffold,fold,y_true,delta_g_pimd8,delta_g_classical_arrow,Fixed narrow response + SMD + ConfSolv response,Fixed narrow response + SMD water,Fixed narrow response without SMD,Nested narrow SMD teacher selection
LVZWSLJZHVFIQJ-UHFFFAOYSA-N,Cyclopropane,C1CC1,Alkanes,C1CC1,4,0.75,1.0406,0.4458,1.1683676779100531,1.1748616432980603,1.164935303571429,1.1748616432980603
RGSFGYAAUTVSQA-UHFFFAOYSA-N,Cyclopentane,C1CCCC1,Alkanes,C1CCCC1,2,1.2,1.3198,0.4947,0.9538592255291006,0.9447691642416217,0.9679554354056435,0.9538592255291006
XDTMQSROBMDMFD-UHFFFAOYSA-N,Cyclohexane,C1CCCCC1,Alkanes,C1CCCCC1,4,1.23,1.1343,0.2,1.0374720903880086,1.0324557548500897,1.0395471739418005,1.0324557548500897
DMEGYFMYUHOHGS-UHFFFAOYSA-N,Cycloheptane,C1CCCCCC1,Alkanes,C1CCCCCC1,1,0.789,0.9095,0.1235,1.218111741181656,1.2157757559523794,1.2310785304232787,1.2157757559523794
NNPPMTNAJDCUHE-UHFFFAOYSA-N,Isobutane,CC(C)C,Alkanes,ACYCLIC::alkanes,4,2.2800000000000002,2.2628,1.3525,2.141073698853615,2.148062859347443,2.136603699074074,2.148062859347443
CRSOQBOWXPBRES-UHFFFAOYSA-N,NeoPentane,CC(C)(C)C,Alkanes,ACYCLIC::alkanes,3,2.5,2.3784,1.4541,2.392993443562608,2.4164235496031714,2.4018334201940004,2.392993443562608
VNWKTOKETHGBQD-UHFFFAOYSA-N,Methane,C,Alkanes,ACYCLIC::alkanes,0,1.9598,1.8687,1.6352,0.8546943223104062,0.7572657464726634,0.9384628924162254,0.7572657464726634
OTMSDBZUPAUEDD-UHFFFAOYSA-N,Ethane,CC,Alkanes,ACYCLIC::alkanes,3,1.7925,1.9103,1.3703,1.854511811728395,1.8216822945326279,1.79851319356261,1.854511811728395
ATUOYWHBWRKTHZ-UHFFFAOYSA-N,Propane,CCC,Alkanes,ACYCLIC::alkanes,1,1.9598,1.962,1.3045,1.9118818899911822,1.9063220524691367,1.9155364221781312,1.9063220524691367
IJDNQMDRQITEOD-UHFFFAOYSA-N,Butane,CCCC,Alkanes,ACYCLIC::alkanes,0,2.1032,2.1391,1.3989,2.053033814594357,2.032340983906525,2.0481454911816575,2.032340983906525
OFBQJSOFQDEBGM-UHFFFAOYSA-N,Pentane,CCCCC,Alkanes,ACYCLIC::alkanes,1,2.3422,2.2838,1.3931,2.262539055114637,2.254919494708992,2.272989837301583,2.254919494708992
VLKZOEOYAKHREP-UHFFFAOYSA-N,Hexane,CCCCCC,Alkanes,ACYCLIC::alkanes,3,2.5095,2.446,1.5718,2.406892710537916,2.412845159171074,2.409164603174601,2.406892710537916
TVMXDCGIABBOFY-UHFFFAOYSA-N,Octane,CCCCCCCC,Alkanes,ACYCLIC::alkanes,1,2.8919,2.8366,1.6265,2.9115299382716056,2.9216009027777776,2.9339326466049394,2.9216009027777776
VGGSQFUCUMXWEO-UHFFFAOYSA-N,Ethene,C=C,Alkenes,ACYCLIC::alkenes,2,1.28,1.47,0.99,1.264686766754849,1.2422983357583763,1.211919861992944,1.264686766754849
QQONPFPTGQHPMA-UHFFFAOYSA-N,Propene,C=CC,Alkenes,ACYCLIC::alkenes,0,1.32,1.37,0.84,1.226205130070549,1.2234115291005305,1.2293495535714312,1.2234115291005305
KAKZBPTYRLMSJV-UHFFFAOYSA-N,Buta-13-diene,C=CC=C,Alkenes,ACYCLIC::alkenes,2,0.61,0.96,0.3,0.48754383708112886,0.4849777943121694,0.46212533509700204,0.48754383708112886
VXNZUUAINFGPBY-UHFFFAOYSA-N,But-1-ene,C=CCC,Alkenes,ACYCLIC::alkenes,4,1.38,1.63,0.84,1.3796945343915332,1.3740379221781296,1.3804831629188703,1.3740379221781296
YWAKXRMUMFPDSH-UHFFFAOYSA-N,pent-1-ene,C=CCCC,Alkenes,ACYCLIC::alkenes,3,1.6800000000000002,1.93,1.09,1.5397646856261018,1.5246169611992941,1.5355202442680778,1.5397646856261018
BAVYZALUXZFZLV-UHFFFAOYSA-N,methylamine,CN,Amines,ACYCLIC::amines,0,-4.55,-4.39,-5.04,-4.272502127425045,-4.269962059082894,-4.399835141093475,-4.269962059082894
ROSDSFDQCJNGOL-UHFFFAOYSA-N,dimethylamine,CNC,Amines,ACYCLIC::amines,3,-4.3,-4.53,-5.68,-4.166268430335095,-4.160138348765433,-4.176074085097002,-4.166268430335095
GETQZCLCWQTVFV-UHFFFAOYSA-N,trimethylamine,CN(C)C,Amines,ACYCLIC::amines,2,-3.2,-3.18,-4.24,-3.2458547619047615,-3.3360504254850074,-3.3799606040564343,-3.2458547619047615
HQABUPZFAYXKJW-UHFFFAOYSA-N,butanamine,CCCCN,Amines,ACYCLIC::amines,3,-4.24,-3.96,-5.41,-4.250904221781306,-4.246599140211642,-4.222637643298059,-4.250904221781306
QUSNBJAOOMFDIB-UHFFFAOYSA-N,ethylamine,CCN,Amines,ACYCLIC::amines,0,-4.5,-4.38,-5.53,-4.568036827601412,-4.59609107142857,-4.712003428130511,-4.59609107142857
LCGLNKUTAGEVQW-UHFFFAOYSA-N,DiMethylEther,COC,Ethers,ACYCLIC::ethers,2,-1.91,-2.2813,-2.7798,-1.9575569894179887,-1.9285232694003522,-1.9268208267195772,-1.9575569894179887
RTZKZFJDLAIYFH-UHFFFAOYSA-N,DiethylEther,CCOCC,Ethers,ACYCLIC::ethers,2,-1.75,-1.8523,-2.7015,-1.6966031305114644,-1.6996542680776014,-1.6845621649029983,-1.6966031305114644
XTHFKEDIFFGKHM-UHFFFAOYSA-N,DiMethoxyEthane,COCCOC,Ethers,ACYCLIC::ethers,4,-4.84,-4.6433,-5.207,-4.052451973104053,-4.10282622354497,-4.263057341269838,-4.10282622354497
VNKYTQGIUYNRMY-UHFFFAOYSA-N,MethylPropylEther,CCCOC,Ethers,ACYCLIC::ethers,1,-1.66,-1.6636,-2.3191,-1.8393329188712517,-1.828554448853615,-1.9560587147266304,-1.828554448853615
IKHGUXGNUITLKF-UHFFFAOYSA-N,acetaldehyde,CC=O,Aldehydes,ACYCLIC::aldehydes,4,-3.5,-3.2252,-3.678,-3.306487695767194,-3.2548115308641985,-3.297595623897708,-3.2548115308641985
NBBJYMSMWIIQGU-UHFFFAOYSA-N,propionaldehyde,CCC=O,Aldehydes,ACYCLIC::aldehydes,0,-3.43,-3.1774,-3.7325,-3.271108079805997,-3.2398811177248685,-3.302104464285715,-3.2398811177248685
ZTQSAGDEMFDKMZ-UHFFFAOYSA-N,buytyraldehyde,CCCC=O,Aldehydes,ACYCLIC::aldehydes,0,-3.18,-3.25,-3.7863,-3.150705941358025,-3.157294356261024,-3.1873734898589094,-3.157294356261024
CSCPPACGZOOCGX-UHFFFAOYSA-N,Acetone,CC(C)=O,Ketones,ACYCLIC::ketones,2,-3.8,-3.4858,-4.1309,-3.587394675925925,-3.568823963844798,-3.600347156084658,-3.587394675925925
ZWEHNKRNPOVVGH-UHFFFAOYSA-N,2-Butanone,CCC(C)=O,Ketones,ACYCLIC::ketones,4,-3.71,-3.5458,-4.1447,-3.5563545965608454,-3.5587694334215154,-3.5025860229276877,-3.5587694334215154
XNLICIUVMPYHGG-UHFFFAOYSA-N,2-Pentanone,CCCC(C)=O,Ketones,ACYCLIC::ketones,3,-3.52,-3.5087,-4.1949,-3.38347333553792,-3.36426479276896,-3.3552977513227513,-3.38347333553792
FDPIMTJIUBPUKL-UHFFFAOYSA-N,3-Pentanone,CCC(=O)CC,Ketones,ACYCLIC::ketones,4,-3.41,-3.6394,-4.2903,-3.161797597001763,-3.1752892746913592,-3.1135799713403896,-3.1752892746913592
QQZOPKMRPOGIEB-UHFFFAOYSA-N,hexa2none,CCCCC(C)=O,Ketones,ACYCLIC::ketones,0,-3.28,-3.4831,-3.9748,-3.2312479276895956,-3.2728703593474435,-3.237431415343916,-3.2728703593474435
QTBSBXVTEAMEQO-UHFFFAOYSA-N,AceticAcid,CC(=O)O,Acids,ACYCLIC::acids,0,-6.69,-6.3481,-6.8778,-7.283328097442684,-7.3359912698412755,-7.280967416225753,-7.3359912698412755
XBDQKXXYIPTUBI-UHFFFAOYSA-N,propionicacid,CCC(=O)O,Acids,ACYCLIC::acids,4,-6.46,-6.2059,-6.7004,-6.531434490740736,-6.508694356261018,-6.481458840388004,-6.508694356261018
FERIUCNNQQJTOY-UHFFFAOYSA-N,butyricacid,CCCC(=O)O,Acids,ACYCLIC::acids,1,-6.35,-5.9512,-6.5977,-6.243475760582007,-6.238959380511457,-6.227462345679008,-6.238959380511457
UHOVQNZJYSORNB-UHFFFAOYSA-N,Benzene,c1ccccc1,Aromatics,c1ccccc1,0,-0.88,-1.0519,-1.4551,-0.7441200198412702,-0.7701784964726631,-0.7450591005291006,-0.7701784964726631
UFWIBTONFRDIAS-UHFFFAOYSA-N,Napthalene,c1ccc2ccccc2c1,Aromatics,c1ccc2ccccc2c1,0,-2.4,-2.6445,-3.1357,-2.4724331569664924,-2.476542129629632,-2.4741694444444455,-2.476542129629632
MWPLVEDNUUSJAV-UHFFFAOYSA-N,Anthracene,c1ccc2cc3ccccc3cc2c1,Aromatics,c1ccc2cc3ccccc3cc2c1,0,-3.95,-3.883,-4.2716,-3.994736287477952,-3.974435251322751,-3.9541149581128745,-3.974435251322751
IFLREYGFSNHWGE-UHFFFAOYSA-N,tetracene,c1ccc2cc3cc4ccccc4cc3cc2c1,Aromatics,c1ccc2cc3cc4ccccc4cc3cc2c1,4,-5.5,-5.0602,-5.8887,-6.1854776124338615,-6.12121463844797,-6.218039836860666,-6.12121463844797
BBEAQIROQSPTKN-UHFFFAOYSA-N,pyrene,c1cc2ccc3cccc4ccc(c1)c2c34,Aromatics,c1cc2ccc3cccc4ccc(c1)c2c34,2,-4.52,-4.5089,-4.9711,-5.254387973985876,-5.231379045414451,-5.165477072310393,-5.254387973985876
YNPNZTXNASCQKK-UHFFFAOYSA-N,phenanthrene,c1ccc2c(c1)ccc1ccccc12,Aromatics,c1ccc2c(c1)ccc1ccccc12,0,-3.88,-3.971,-4.2254,-4.228963503086418,-4.236328141534391,-4.2051062059082875,-4.236328141534391
ZUOUZKKEUPVFJK-UHFFFAOYSA-N,Biphenyl,c1ccc(-c2ccccc2)cc1,Aromatics,c1ccc(-c2ccccc2)cc1,1,-2.66,-2.7874,-3.8341,-2.6775656856261008,-2.678525866402115,-2.6804139109347442,-2.678525866402115
YXFVVABEGXRONW-UHFFFAOYSA-N,Toluene,Cc1ccccc1,Aromatics,c1ccccc1,2,-0.89,-0.9943,-1.7225,-0.940062775573192,-0.9315168231922394,-0.9365618937389771,-0.940062775573192
ISWSIDIOOBJBQZ-UHFFFAOYSA-N,Phenol,Oc1ccccc1,Aromatics,c1ccccc1,2,-6.62,-6.8008,-7.6381,-6.040917383156963,-6.034467228835979,-6.022468904320987,-6.040917383156963
IWDCLRJOBJJRNH-UHFFFAOYSA-N,p-cresol,Cc1ccc(O)cc1,Aromatics,c1ccccc1,3,-6.14,-6.7102,-7.6155,-6.2367540013227485,-6.228942912257492,-6.2270849537037,-6.2367540013227485
RLSSMJSEOOYNOY-UHFFFAOYSA-N,m-cresol,Cc1cccc(O)c1,Aromatics,c1ccccc1,4,-5.49,-6.5195,-7.6077,-6.317387555114643,-6.317292934303353,-6.325895789241624,-6.317292934303353
QWVGKYWNOKOFNN-UHFFFAOYSA-N,o-cresol,Cc1ccccc1O,Aromatics,c1ccccc1,2,-5.87,-6.1497,-7.1439,-5.744418022486772,-5.7245197751322765,-5.758805809082893,-5.744418022486772
XLYOFNOQVPJJNP-UHFFFAOYSA-N,Water,O,Aromatics,ACYCLIC::aromatics,3,-6.3,-6.128,-6.8106,-6.135898413580246,-6.171123506172841,-5.4194342954144625,-6.135898413580246
OKKJLVBELUTLKV-UHFFFAOYSA-N,Methanol,CO,Alcohols,ACYCLIC::alcohols,1,-5.11,-4.76,-5.39,-4.797705136684299,-4.78144106040564,-4.8247729828042285,-4.78144106040564
LFQSCWFLJHTTHZ-UHFFFAOYSA-N,Ethanol,CCO,Alcohols,ACYCLIC::alcohols,2,-5.01,-4.94,-5.75,-5.08627680776014,-5.148879651675483,-5.1255321649029995,-5.08627680776014
BDERNNFJNOPAEC-UHFFFAOYSA-N,Propanol,CCCO,Alcohols,ACYCLIC::alcohols,3,-4.92,-4.74,-5.5,-4.8162190255731945,-4.815711827601411,-4.781863514109347,-4.8162190255731945
KFZMGEQAYNKOFK-UHFFFAOYSA-N,2-Propanol,CC(C)O,Alcohols,ACYCLIC::alcohols,0,-4.62,-4.62,-5.88,-4.920092085537916,-4.92812411816578,-5.076843992504404,-4.92812411816578
LRHPLDYGYMQRHN-UHFFFAOYSA-N,1-Butanol,CCCCO,Alcohols,ACYCLIC::alcohols,0,-4.72,-4.66,-5.57,-4.749546130952381,-4.750935582010584,-4.674290950176367,-4.750935582010584
BTANRVKWQNVYAZ-UHFFFAOYSA-N,2-Butanol,CCC(C)O,Alcohols,ACYCLIC::alcohols,4,-4.58,-4.66,-5.99,-4.528811981922399,-4.516733300264554,-4.506014660493827,-4.516733300264554
DKGAVHZHDRPRBM-UHFFFAOYSA-N,2-Methyl-2-Propanol,CC(C)(C)O,Alcohols,ACYCLIC::alcohols,0,-4.51,-4.16,-5.36,-5.509632330246915,-5.503058311287476,-6.042240244708995,-5.503058311287476
AMQJEAYHLZJPGS-UHFFFAOYSA-N,1-Pentanol,CCCCCO,Alcohols,ACYCLIC::alcohols,2,-4.47,-4.52,-5.65,-4.556677458112875,-4.55206354717813,-4.5645790013227545,-4.556677458112875
MSXVEPNJUHWQHW-UHFFFAOYSA-N,2-Methyl-2-Butanol,CCC(C)(C)O,Alcohols,ACYCLIC::alcohols,0,-4.43,-4.6,-5.36,-4.339035119047617,-4.341716523368605,-4.382838988095237,-4.341716523368605
JYVLIDXNZAXMDK-UHFFFAOYSA-N,2-Pentanol,CCCC(C)O,Alcohols,ACYCLIC::alcohols,4,-4.39,-4.47,-6.07,-4.353911100088182,-4.348191997354497,-4.348449294532627,-4.348191997354497
AQIXEPGDORPWBJ-UHFFFAOYSA-N,3-Pentanol,CCC(O)CC,Alcohols,ACYCLIC::alcohols,2,-4.35,-4.2,-5.71,-4.298270370370374,-4.304065652557321,-4.289573037918873,-4.298270370370374
HPXRVTGHNJAIIH-UHFFFAOYSA-N,Cyclohexanol,OC1CCCCC1,Alcohols,C1CCCCC1,1,-5.47,-5.13,-6.56,-5.622783697089944,-5.619901510141091,-5.605552028218692,-5.619901510141091
KBPLFHHGFOOTCA-UHFFFAOYSA-N,Octanol,CCCCCCCCO,Alcohols,ACYCLIC::alcohols,3,-4.09,-3.87,-5.49,-4.043847685185185,-4.066228229717811,-4.017639131393294,-4.043847685185185
XEKOWRVHYACXOJ-UHFFFAOYSA-N,EthylAcetate,CCOC(C)=O,Esters,ACYCLIC::esters,2,-3.12,-2.7991,-3.3956,-2.9974173721340382,-2.9952448192239856,-2.9543694664902986,-2.9974173721340382
RJUFJBKOKNCXHH-UHFFFAOYSA-N,MethylPropionate,CCC(=O)OC,Esters,ACYCLIC::esters,1,-2.93,-3.0303,-3.5534,-2.9985508597883594,-2.9896361552028217,-2.9671292548500894,-2.9896361552028217
YKYONYBAUNKHLG-UHFFFAOYSA-N,PropylAcetate,CCCOC(C)=O,Esters,ACYCLIC::esters,1,-2.86,-2.7904,-3.5024,-2.841704695767197,-2.85320806878307,-2.8131955798059978,-2.85320806878307
DKPFZGUDAPQIHT-UHFFFAOYSA-N,ButylAcetate,CCCCOC(C)=O,Esters,ACYCLIC::esters,3,-2.55,-2.477,-3.4002,-2.596610317460319,-2.6077744268077616,-2.5782736772486783,-2.596610317460319
DLFVBJFMPXGRIB-UHFFFAOYSA-N,Acetamide,CC(N)=O,Amides,ACYCLIC::amides,4,-9.71,-9.6468,-10.5778,-9.656464164462083,-9.716404166666665,-9.776180544532634,-9.716404166666665
OHLUUHNLEMFGTQ-UHFFFAOYSA-N,N-Methylacetamide,CNC(C)=O,Amides,ACYCLIC::amides,4,-10.0,-10.4937,-11.5197,-8.909893992504408,-8.890383840388003,-8.925420436507935,-8.890383840388003
FXHOOIRPVKKKFG-UHFFFAOYSA-N,DiMethylAcetamide,CC(=O)N(C)C,Amides,ACYCLIC::amides,4,-8.5,-8.5092,-9.1358,-7.897729949294534,-7.862032308201058,-7.799670370370369,-7.862032308201058
QLNJFJADRCOGBJ-UHFFFAOYSA-N,propionamide,CCC(N)=O,Amides,ACYCLIC::amides,1,-9.4,-9.5683,-10.614,-9.523525848765436,-9.558987345679016,-9.500319201940039,-9.558987345679016
LSDPWZHWYPCBBB-UHFFFAOYSA-N,MethaneThiol,CS,Thiols,ACYCLIC::thiols,4,-1.219,-1.649,-2.012,-1.0007829021164014,-1.0264275242504404,-1.0682257570546725,-1.0264275242504404
DNJIEGIFACGWOD-UHFFFAOYSA-N,EthaneThiol,CCS,Thiols,ACYCLIC::thiols,1,-1.24,-1.67,-2.18,-1.183087597001764,-1.2150657164902994,-1.1999328086419743,-1.2150657164902994
SUVIGLJNEAMWEG-UHFFFAOYSA-N,Propanethiol,CCCS,Thiols,ACYCLIC::thiols,1,-1.05,-1.45,-1.86,-1.1328263337742503,-1.1428111199294533,-1.1197363073192232,-1.1428111199294533
WQAQPCDUOCURKW-UHFFFAOYSA-N,1-Butanethiol,CCCCS,Thiols,ACYCLIC::thiols,3,-0.99,-1.49,-2.14,-0.9759938844797178,-0.907260402557319,-0.924324003527337,-0.9759938844797178
QMMFVYPAHWMCMS-UHFFFAOYSA-N,DiMethylSulfide,CSC,Sulfides,ACYCLIC::sulfides,1,-1.54,-1.7,-2.13,-1.5005110251322737,-1.4818159810405627,-1.5162100462962949,-1.4818159810405627
LJSQFQKUNVCTIA-UHFFFAOYSA-N,DiEthylSulfide,CCSCC,Sulfides,ACYCLIC::sulfides,3,-1.43,-1.55,-2.32,-1.3218352557319235,-1.3251364395943577,-1.334557189153441,-1.3218352557319235
WXEHBUMAEPOYKP-UHFFFAOYSA-N,EthylMethylSulfide,CCSC,Sulfides,ACYCLIC::sulfides,3,-1.5,-1.61,-1.97,-1.4069995171957679,-1.4151529563492078,-1.419969029982365,-1.4069995171957679
WQOXQRCZOLPYPM-UHFFFAOYSA-N,DimethylDisulfide,CSSC,Sulfides,ACYCLIC::sulfides,2,-1.83,-1.85,-2.64,-1.574456307319223,-1.593292962962962,-1.6058143320105802,-1.574456307319223
ZFRKQXVRDFCRJG-UHFFFAOYSA-N,3-methyl-indole,Cc1c[nH]c2ccccc12,Heterorings,c1ccc2[nH]ccc2c1,3,-5.88,-6.9,-7.88,-6.129112367724862,-6.111774603174602,-6.152659314373896,-6.129112367724862
PAYRUJLWNCNPSJ-UHFFFAOYSA-N,Aniline,Nc1ccccc1,Heterorings,c1ccccc1,1,-5.54,-5.48,-5.7112,-5.640932231040563,-5.673217361111113,-5.664588249559084,-5.673217361111113
RAXXELZNTBOGNW-UHFFFAOYSA-N,Imidazole,c1c[nH]cn1,Heterorings,c1c[nH]cn1,1,-9.6,-9.89,-10.41,-9.755665035273376,-9.813444984567909,-9.73197574955909,-9.813444984567909
KAESVJOAVNADME-UHFFFAOYSA-N,Pyrrole,c1cc[nH]c1,Heterorings,c1cc[nH]c1,3,-4.8,-4.17,-4.72,-4.819681161816576,-4.869365058201057,-4.782040354938268,-4.819681161816576
JUJWROOIHBZHMG-UHFFFAOYSA-N,pyridine,c1ccncc1,Heterorings,c1ccncc1,2,-4.69,-4.7658,-5.5293,-4.60747799823633,-4.562793871252201,-4.562205092592594,-4.60747799823633
